Game_ID,Event_Index,Game_Date,Game_Code,Period,Home_Team,Visitor_Team,Description,Home_Points_Before,Home_Points_After,Visitor_Points_Before,Visitor_Points_After,Point_Change,Score_Diff,Score_Diff_After,Video_Link,Thumbnail_Link,Event_Link
0022501199,89,2026-04-12,2026-04-12/GSWLAC,1,LAC,GSW,St. Curry 31' 3PT Jump Shot (6 PTS) (Payton II 1 AST),10,10,12,15,3,2,5,https://videos.nba.com/nba/pbp/media/2026/04/12/0022501199/89/4af5f827-fb29-488b-c1e0-9c8a1ec5d457_1280x720.mp4,https://videos.nba.com/nba/pbp/media/2026/04/12/0022501199/89/4af5f827-fb29-488b-c1e0-9c8a1ec5d457_1280x720.jpg,https://www.nba.com/stats/events?GameEventID=89&GameID=0022501199&Season=2025-2026&flag=1&title=St.+Curry+31%27+3PT+Jump+Shot+%286+PTS%29+%28Payton+II+1+AST%29
0022501199,23,2026-04-12,2026-04-12/GSWLAC,1,LAC,GSW,St. Curry 26' 3PT Jump Shot (3 PTS) (Horford 1 AST),4,4,5,8,3,1,4,https://videos.nba.com/nba/pbp/media/2026/04/12/0022501199/23/75632536-4fbb-627e-bbc3-f69fa42ead5e_1280x720.mp4,https://videos.nba.com/nba/pbp/media/2026/04/12/0022501199/23/75632536-4fbb-627e-bbc3-f69fa42ead5e_1280x720.jpg,https://www.nba.com/stats/events?GameEventID=23&GameID=0022501199&Season=2025-2026&flag=1&title=St.+Curry+26%27+3PT+Jump+Shot+%283+PTS%29+%28Horford+1+AST%29
0022501199,374,2026-04-12,2026-04-12/GSWLAC,3,LAC,GSW,St. Curry 29' 3PT Running Jump Shot (17 PTS) (Melton 2 AST),58,58,52,55,3,6,3,https://videos.nba.com/nba/pbp/media/2026/04/12/0022501199/374/1f4b4de9-f4a8-ca20-7af0-951f55c026b5_1280x720.mp4,https://videos.nba.com/nba/pbp/media/2026/04/12/0022501199/374/1f4b4de9-f4a8-ca20-7af0-951f55c026b5_1280x720.jpg,https://www.nba.com/stats/events?GameEventID=374&GameID=0022501199&Season=2025-2026&flag=1&title=St.+Curry+29%27+3PT+Running+Jump+Shot+%2817+PTS%29+%28Melton+2+AST%29
0022501199,426,2026-04-12,2026-04-12/GSWLAC,3,LAC,GSW,St. Curry 25' 3PT Jump Shot (22 PTS) (Podziemski 2 AST),67,67,62,65,3,5,2,https://videos.nba.com/nba/pbp/media/2026/04/12/0022501199/426/f104f890-5939-13b5-72ac-54b5c544b051_1280x720.mp4,https://videos.nba.com/nba/pbp/media/2026/04/12/0022501199/426/f104f890-5939-13b5-72ac-54b5c544b051_1280x720.jpg,https://www.nba.com/stats/events?GameEventID=426&GameID=0022501199&Season=2025-2026&flag=1&title=St.+Curry+25%27+3PT+Jump+Shot+%2822+PTS%29+%28Podziemski+2+AST%29
0022501184,371,2026-04-10,2026-04-10/GSWSAC,3,SAC,GSW,St. Curry 27' 3PT Jump Shot (6 PTS) (Green 3 AST),65,65,51,54,3,14,11,https://videos.nba.com/nba/pbp/media/2026/04/10/0022501184/371/fbd41f78-1bdc-3b13-1ff7-ffa6560e81ab_1280x720.mp4,https://videos.nba.com/nba/pbp/media/2026/04/10/0022501184/371/fbd41f78-1bdc-3b13-1ff7-ffa6560e81ab_1280x720.jpg,https://www.nba.com/stats/events?GameEventID=371&GameID=0022501184&Season=2025-2026&flag=1&title=St.+Curry+27%27+3PT+Jump+Shot+%286+PTS%29+%28Green+3+AST%29
0022501184,7,2026-04-10,2026-04-10/GSWSAC,1,SAC,GSW,St. Curry 3PT Jump Shot (3 PTS) (Podziemski 1 AST),0,0,0,3,3,0,3,https://videos.nba.com/nba/pbp/media/2026/04/10/0022501184/7/1332e5e0-c679-df91-4521-46e9f0054371_1280x720.mp4,https://videos.nba.com/nba/pbp/media/2026/04/10/0022501184/7/1332e5e0-c679-df91-4521-46e9f0054371_1280x720.jpg,https://www.nba.com/stats/events?GameEventID=7&GameID=0022501184&Season=2025-2026&flag=1&title=St.+Curry+3PT+Jump+Shot+%283+PTS%29+%28Podziemski+1+AST%29
0022501154,643,2026-04-07,2026-04-07/SACGSW,4,GSW,SAC,St. Curry 26' 3PT Jump Shot (17 PTS) (Green 7 AST),101,104,104,104,3,3,0,https://videos.nba.com/nba/pbp/media/2026/04/07/0022501154/643/2d35c464-5a0d-f7d0-8079-b1b6f92f0aa2_1280x720.mp4,https://videos.nba.com/nba/pbp/media/2026/04/07/0022501154/643/2d35c464-5a0d-f7d0-8079-b1b6f92f0aa2_1280x720.jpg,https://www.nba.com/stats/events?GameEventID=643&GameID=0022501154&Season=2025-2026&flag=1&title=St.+Curry+26%27+3PT+Jump+Shot+%2817+PTS%29+%28Green+7+AST%29
0022501154,291,2026-04-07,2026-04-07/SACGSW,2,GSW,SAC,St. Curry 24' 3PT Jump Shot (11 PTS) (Green 4 AST),56,59,44,44,3,12,15,https://videos.nba.com/nba/pbp/media/2026/04/07/0022501154/291/700ea37e-c52a-60f6-45c5-f5a052d4e20c_1280x720.mp4,https://videos.nba.com/nba/pbp/media/2026/04/07/0022501154/291/700ea37e-c52a-60f6-45c5-f5a052d4e20c_1280x720.jpg,https://www.nba.com/stats/events?GameEventID=291&GameID=0022501154&Season=2025-2026&flag=1&title=St.+Curry+24%27+3PT+Jump+Shot+%2811+PTS%29+%28Green+4+AST%29
0022501154,264,2026-04-07,2026-04-07/SACGSW,2,GSW,SAC,St. Curry 25' 3PT Jump Shot (6 PTS) (Green 3 AST),48,51,44,44,3,4,7,https://videos.nba.com/nba/pbp/media/2026/04/07/0022501154/264/2b774ce5-1f0d-ff65-0ed9-0e96e6ce2982_1280x720.mp4,https://videos.nba.com/nba/pbp/media/2026/04/07/0022501154/264/2b774ce5-1f0d-ff65-0ed9-0e96e6ce2982_1280x720.jpg,https://www.nba.com/stats/events?GameEventID=264&GameID=0022501154&Season=2025-2026&flag=1&title=St.+Curry+25%27+3PT+Jump+Shot+%286+PTS%29+%28Green+3+AST%29
0022501154,118,2026-04-07,2026-04-07/SACGSW,1,GSW,SAC,St. Curry 28' 3PT Jump Shot (3 PTS) (Melton 1 AST),21,24,20,20,3,1,4,https://videos.nba.com/nba/pbp/media/2026/04/07/0022501154/118/667550a1-68d8-403c-cd70-5e4d0faef3bf_1280x720.mp4,https://videos.nba.com/nba/pbp/media/2026/04/07/0022501154/118/667550a1-68d8-403c-cd70-5e4d0faef3bf_1280x720.jpg,https://www.nba.com/stats/events?GameEventID=118&GameID=0022501154&Season=2025-2026&flag=1&title=St.+Curry+28%27+3PT+Jump+Shot+%283+PTS%29+%28Melton+1+AST%29
0022501142,143,2026-04-05,2026-04-05/HOUGSW,1,GSW,HOU,St. Curry 29' 3PT Jump Shot (3 PTS) (Melton 4 AST),28,31,24,24,3,4,7,https://videos.nba.com/nba/pbp/media/2026/04/05/0022501142/143/dd00cde7-6724-43ce-5f6c-9a5c0a778cdd_1280x720.mp4,https://videos.nba.com/nba/pbp/media/2026/04/05/0022501142/143/dd00cde7-6724-43ce-5f6c-9a5c0a778cdd_1280x720.jpg,https://www.nba.com/stats/events?GameEventID=143&GameID=0022501142&Season=2025-2026&flag=1&title=St.+Curry+29%27+3PT+Jump+Shot+%283+PTS%29+%28Melton+4+AST%29
0022501142,676,2026-04-05,2026-04-05/HOUGSW,4,GSW,HOU,St. Curry 32' 3PT Jump Shot (29 PTS) (Payton II 2 AST),111,114,115,115,3,4,1,https://videos.nba.com/nba/pbp/media/2026/04/05/0022501142/676/b5ba7e66-b49a-77e4-1e2c-f7be8b16e234_1280x720.mp4,https://videos.nba.com/nba/pbp/media/2026/04/05/0022501142/676/b5ba7e66-b49a-77e4-1e2c-f7be8b16e234_1280x720.jpg,https://www.nba.com/stats/events?GameEventID=676&GameID=0022501142&Season=2025-2026&flag=1&title=St.+Curry+32%27+3PT+Jump+Shot+%2829+PTS%29+%28Payton+II+2+AST%29
0022501142,648,2026-04-05,2026-04-05/HOUGSW,4,GSW,HOU,St. Curry 29' 3PT Jump Shot (24 PTS) (Green 9 AST),101,104,109,109,3,8,5,https://videos.nba.com/nba/pbp/media/2026/04/05/0022501142/648/9a53e635-dad4-560d-1ace-ce72ccdefc47_1280x720.mp4,https://videos.nba.com/nba/pbp/media/2026/04/05/0022501142/648/9a53e635-dad4-560d-1ace-ce72ccdefc47_1280x720.jpg,https://www.nba.com/stats/events?GameEventID=648&GameID=0022501142&Season=2025-2026&flag=1&title=St.+Curry+29%27+3PT+Jump+Shot+%2824+PTS%29+%28Green+9+AST%29
0022501142,487,2026-04-05,2026-04-05/HOUGSW,3,GSW,HOU,St. Curry 27' 3PT Step Back Jump Shot (19 PTS),77,80,84,84,3,7,4,https://videos.nba.com/nba/pbp/media/2026/04/05/0022501142/487/56b2fa4b-e991-72c6-663e-3b34f2e1bc69_1280x720.mp4,https://videos.nba.com/nba/pbp/media/2026/04/05/0022501142/487/56b2fa4b-e991-72c6-663e-3b34f2e1bc69_1280x720.jpg,https://www.nba.com/stats/events?GameEventID=487&GameID=0022501142&Season=2025-2026&flag=1&title=St.+Curry+27%27+3PT+Step+Back+Jump+Shot+%2819+PTS%29
0022501142,262,2026-04-05,2026-04-05/HOUGSW,2,GSW,HOU,St. Curry 28' 3PT Pullup Jump Shot (6 PTS),42,45,42,42,3,0,3,https://videos.nba.com/nba/pbp/media/2026/04/05/0022501142/262/9ed2e448-ad49-39ac-9dc6-bb860de97b38_1280x720.mp4,https://videos.nba.com/nba/pbp/media/2026/04/05/0022501142/262/9ed2e448-ad49-39ac-9dc6-bb860de97b38_1280x720.jpg,https://www.nba.com/stats/events?GameEventID=262&GameID=0022501142&Season=2025-2026&flag=1&title=St.+Curry+28%27+3PT+Pullup+Jump+Shot+%286+PTS%29
0022500696,38,2026-01-30,2026-01-30/DETGSW,1,GSW,DET,Curry 27' 3PT Jump Shot (3 PTS) (Horford 1 AST),8,11,7,7,3,1,4,https://videos.nba.com/nba/pbp/media/2026/01/30/0022500696/38/eeea5106-3ed1-3316-a945-5d4e9b0057c9_1280x720.mp4,https://videos.nba.com/nba/pbp/media/2026/01/30/0022500696/38/eeea5106-3ed1-3316-a945-5d4e9b0057c9_1280x720.jpg,https://www.nba.com/stats/events?GameEventID=38&GameID=0022500696&Season=2025-2026&flag=1&title=Curry+27%27+3PT+Jump+Shot+%283+PTS%29+%28Horford+1+AST%29
0022500696,66,2026-01-30,2026-01-30/DETGSW,1,GSW,DET,Curry 27' 3PT Running Jump Shot (8 PTS) (Podziemski 3 AST),14,17,17,17,3,3,0,https://videos.nba.com/nba/pbp/media/2026/01/30/0022500696/66/c41c0d04-1339-bbad-b0d6-8f557218df7e_1280x720.mp4,https://videos.nba.com/nba/pbp/media/2026/01/30/0022500696/66/c41c0d04-1339-bbad-b0d6-8f557218df7e_1280x720.jpg,https://www.nba.com/stats/events?GameEventID=66&GameID=0022500696&Season=2025-2026&flag=1&title=Curry+27%27+3PT+Running+Jump+Shot+%288+PTS%29+%28Podziemski+3+AST%29
0022500696,365,2026-01-30,2026-01-30/DETGSW,2,GSW,DET,Curry 29' 3PT Pullup Jump Shot (13 PTS) (Podziemski 5 AST),61,64,77,77,3,16,13,https://videos.nba.com/nba/pbp/media/2026/01/30/0022500696/365/c316c6f5-90cf-dfd6-5a9a-f4b70e12004b_1280x720.mp4,https://videos.nba.com/nba/pbp/media/2026/01/30/0022500696/365/c316c6f5-90cf-dfd6-5a9a-f4b70e12004b_1280x720.jpg,https://www.nba.com/stats/events?GameEventID=365&GameID=0022500696&Season=2025-2026&flag=1&title=Curry+29%27+3PT+Pullup+Jump+Shot+%2813+PTS%29+%28Podziemski+5+AST%29
0022500696,471,2026-01-30,2026-01-30/DETGSW,3,GSW,DET,Curry 28' 3PT Jump Shot (18 PTS) (Green 4 AST),78,81,90,90,3,12,9,https://videos.nba.com/nba/pbp/media/2026/01/30/0022500696/471/3adc416e-9fa9-676a-93cf-abaf23aca639_1280x720.mp4,https://videos.nba.com/nba/pbp/media/2026/01/30/0022500696/471/3adc416e-9fa9-676a-93cf-abaf23aca639_1280x720.jpg,https://www.nba.com/stats/events?GameEventID=471&GameID=0022500696&Season=2025-2026&flag=1&title=Curry+28%27+3PT+Jump+Shot+%2818+PTS%29+%28Green+4+AST%29
0022500678,612,2026-01-28,2026-01-28/GSWUTA,4,UTA,GSW,Curry 26' 3PT Jump Shot (24 PTS) (Green 6 AST),100,100,108,111,3,8,11,https://videos.nba.com/nba/pbp/media/2026/01/28/0022500678/612/b0be2c14-ee5a-2d83-b0a4-555f45b86712_1280x720.mp4,https://videos.nba.com/nba/pbp/media/2026/01/28/0022500678/612/b0be2c14-ee5a-2d83-b0a4-555f45b86712_1280x720.jpg,https://www.nba.com/stats/events?GameEventID=612&GameID=0022500678&Season=2025-2026&flag=1&title=Curry+26%27+3PT+Jump+Shot+%2824+PTS%29+%28Green+6+AST%29
0022500678,466,2026-01-28,2026-01-28/GSWUTA,3,UTA,GSW,Curry 29' 3PT Pullup Jump Shot (18 PTS) (Green 5 AST),67,67,83,86,3,16,19,https://videos.nba.com/nba/pbp/media/2026/01/28/0022500678/466/7da47ddd-d230-b100-b2d4-5ec02878297b_1280x720.mp4,https://videos.nba.com/nba/pbp/media/2026/01/28/0022500678/466/7da47ddd-d230-b100-b2d4-5ec02878297b_1280x720.jpg,https://www.nba.com/stats/events?GameEventID=466&GameID=0022500678&Season=2025-2026&flag=1&title=Curry+29%27+3PT+Pullup+Jump+Shot+%2818+PTS%29+%28Green+5+AST%29
0022500678,78,2026-01-28,2026-01-28/GSWUTA,1,UTA,GSW,Curry 3PT Step Back Jump Shot (6 PTS),13,13,16,19,3,3,6,https://videos.nba.com/nba/pbp/media/2026/01/28/0022500678/78/57f82bf0-4c1e-be45-277e-428de75ae030_1280x720.mp4,https://videos.nba.com/nba/pbp/media/2026/01/28/0022500678/78/57f82bf0-4c1e-be45-277e-428de75ae030_1280x720.jpg,https://www.nba.com/stats/events?GameEventID=78&GameID=0022500678&Season=2025-2026&flag=1&title=Curry+3PT+Step+Back+Jump+Shot+%286+PTS%29
0022500678,47,2026-01-28,2026-01-28/GSWUTA,1,UTA,GSW,Curry 25' 3PT Step Back Jump Shot (3 PTS),10,10,6,9,3,4,1,https://videos.nba.com/nba/pbp/media/2026/01/28/0022500678/47/d8307649-2f2e-9265-6b2f-a271bee967de_1280x720.mp4,https://videos.nba.com/nba/pbp/media/2026/01/28/0022500678/47/d8307649-2f2e-9265-6b2f-a271bee967de_1280x720.jpg,https://www.nba.com/stats/events?GameEventID=47&GameID=0022500678&Season=2025-2026&flag=1&title=Curry+25%27+3PT+Step+Back+Jump+Shot+%283+PTS%29
0022500644,550,2026-01-25,2026-01-25/GSWMIN,4,MIN,GSW,Curry 27' 3PT Pullup Jump Shot (22 PTS) (Green 4 AST),68,68,87,90,3,19,22,https://videos.nba.com/nba/pbp/media/2026/01/25/0022500644/550/ce0e550c-6c9c-74ce-6b08-41f6482b6575_1280x720.mp4,https://videos.nba.com/nba/pbp/media/2026/01/25/0022500644/550/ce0e550c-6c9c-74ce-6b08-41f6482b6575_1280x720.jpg,https://www.nba.com/stats/events?GameEventID=550&GameID=0022500644&Season=2025-2026&flag=1&title=Curry+27%27+3PT+Pullup+Jump+Shot+%2822+PTS%29+%28Green+4+AST%29
0022500644,229,2026-01-25,2026-01-25/GSWMIN,2,MIN,GSW,Curry 26' 3PT Jump Shot (12 PTS) (Green 1 AST),24,24,29,32,3,5,8,https://videos.nba.com/nba/pbp/media/2026/01/25/0022500644/229/d3cca94c-19e6-00ac-8c0e-b4d64c5e7793_1280x720.mp4,https://videos.nba.com/nba/pbp/media/2026/01/25/0022500644/229/d3cca94c-19e6-00ac-8c0e-b4d64c5e7793_1280x720.jpg,https://www.nba.com/stats/events?GameEventID=229&GameID=0022500644&Season=2025-2026&flag=1&title=Curry+26%27+3PT+Jump+Shot+%2812+PTS%29+%28Green+1+AST%29
0022500644,182,2026-01-25,2026-01-25/GSWMIN,2,MIN,GSW,Curry 25' 3PT Jump Shot (7 PTS) (Payton II 1 AST),19,19,24,27,3,5,8,https://videos.nba.com/nba/pbp/media/2026/01/25/0022500644/182/0da34d36-8398-c9f1-0ee9-094c4c817749_1280x720.mp4,https://videos.nba.com/nba/pbp/media/2026/01/25/0022500644/182/0da34d36-8398-c9f1-0ee9-094c4c817749_1280x720.jpg,https://www.nba.com/stats/events?GameEventID=182&GameID=0022500644&Season=2025-2026&flag=1&title=Curry+25%27+3PT+Jump+Shot+%287+PTS%29+%28Payton+II+1+AST%29
0022500630,694,2026-01-22,2026-01-22/GSWDAL,4,DAL,GSW,Curry 25' 3PT Step Back Jump Shot (34 PTS) (Green 5 AST),113,113,101,104,3,12,9,https://videos.nba.com/nba/pbp/media/2026/01/22/0022500630/694/2d2adfed-14bf-d72a-e980-17f0b2d8aa38_1280x720.mp4,https://videos.nba.com/nba/pbp/media/2026/01/22/0022500630/694/2d2adfed-14bf-d72a-e980-17f0b2d8aa38_1280x720.jpg,https://www.nba.com/stats/events?GameEventID=694&GameID=0022500630&Season=2025-2026&flag=1&title=Curry+25%27+3PT+Step+Back+Jump+Shot+%2834+PTS%29+%28Green+5+AST%29
0022500630,632,2026-01-22,2026-01-22/GSWDAL,4,DAL,GSW,Curry 30' 3PT Pullup Jump Shot (31 PTS),102,102,98,101,3,4,1,https://videos.nba.com/nba/pbp/media/2026/01/22/0022500630/632/b91bae7e-924e-87db-7589-594e652a4843_1280x720.mp4,https://videos.nba.com/nba/pbp/media/2026/01/22/0022500630/632/b91bae7e-924e-87db-7589-594e652a4843_1280x720.jpg,https://www.nba.com/stats/events?GameEventID=632&GameID=0022500630&Season=2025-2026&flag=1&title=Curry+30%27+3PT+Pullup+Jump+Shot+%2831+PTS%29
0022500630,520,2026-01-22,2026-01-22/GSWDAL,3,DAL,GSW,Curry 33' 3PT Pullup Jump Shot (26 PTS),82,82,77,80,3,5,2,https://videos.nba.com/nba/pbp/media/2026/01/22/0022500630/520/3a29260c-c87e-3d74-b639-5f3e32c46936_1280x720.mp4,https://videos.nba.com/nba/pbp/media/2026/01/22/0022500630/520/3a29260c-c87e-3d74-b639-5f3e32c46936_1280x720.jpg,https://www.nba.com/stats/events?GameEventID=520&GameID=0022500630&Season=2025-2026&flag=1&title=Curry+33%27+3PT+Pullup+Jump+Shot+%2826+PTS%29
0022500630,516,2026-01-22,2026-01-22/GSWDAL,3,DAL,GSW,Curry 28' 3PT Jump Shot (23 PTS) (Melton 2 AST),79,79,74,77,3,5,2,https://videos.nba.com/nba/pbp/media/2026/01/22/0022500630/516/edce09b3-a57e-aaff-777d-fbb5e6c448eb_1280x720.mp4,https://videos.nba.com/nba/pbp/media/2026/01/22/0022500630/516/edce09b3-a57e-aaff-777d-fbb5e6c448eb_1280x720.jpg,https://www.nba.com/stats/events?GameEventID=516&GameID=0022500630&Season=2025-2026&flag=1&title=Curry+28%27+3PT+Jump+Shot+%2823+PTS%29+%28Melton+2+AST%29
0022500630,491,2026-01-22,2026-01-22/GSWDAL,3,DAL,GSW,Curry 25' 3PT Step Back Jump Shot (20 PTS),72,72,69,72,3,3,0,https://videos.nba.com/nba/pbp/media/2026/01/22/0022500630/491/cdbfe203-72e5-e193-d608-9c053b786a09_1280x720.mp4,https://videos.nba.com/nba/pbp/media/2026/01/22/0022500630/491/cdbfe203-72e5-e193-d608-9c053b786a09_1280x720.jpg,https://www.nba.com/stats/events?GameEventID=491&GameID=0022500630&Season=2025-2026&flag=1&title=Curry+25%27+3PT+Step+Back+Jump+Shot+%2820+PTS%29
0022500630,65,2026-01-22,2026-01-22/GSWDAL,1,DAL,GSW,Curry 28' 3PT Pullup Jump Shot (9 PTS),9,9,6,9,3,3,0,https://videos.nba.com/nba/pbp/media/2026/01/22/0022500630/65/6a3fc50b-8666-0e45-b43f-97b805b49c21_1280x720.mp4,https://videos.nba.com/nba/pbp/media/2026/01/22/0022500630/65/6a3fc50b-8666-0e45-b43f-97b805b49c21_1280x720.jpg,https://www.nba.com/stats/events?GameEventID=65&GameID=0022500630&Season=2025-2026&flag=1&title=Curry+28%27+3PT+Pullup+Jump+Shot+%289+PTS%29
0022500630,57,2026-01-22,2026-01-22/GSWDAL,1,DAL,GSW,Curry 26' 3PT Pullup Jump Shot (6 PTS) (Richard 1 AST),7,7,3,6,3,4,1,https://videos.nba.com/nba/pbp/media/2026/01/22/0022500630/57/291fd01e-b342-7025-3528-65c2dacf3f0a_1280x720.mp4,https://videos.nba.com/nba/pbp/media/2026/01/22/0022500630/57/291fd01e-b342-7025-3528-65c2dacf3f0a_1280x720.jpg,https://www.nba.com/stats/events?GameEventID=57&GameID=0022500630&Season=2025-2026&flag=1&title=Curry+26%27+3PT+Pullup+Jump+Shot+%286+PTS%29+%28Richard+1+AST%29
0022500630,38,2026-01-22,2026-01-22/GSWDAL,1,DAL,GSW,Curry 26' 3PT Jump Shot (3 PTS) (Podziemski 1 AST),6,6,0,3,3,6,3,https://videos.nba.com/nba/pbp/media/2026/01/22/0022500630/38/39615fbf-81f6-54c8-6e20-8bcc0838d35c_1280x720.mp4,https://videos.nba.com/nba/pbp/media/2026/01/22/0022500630/38/39615fbf-81f6-54c8-6e20-8bcc0838d35c_1280x720.jpg,https://www.nba.com/stats/events?GameEventID=38&GameID=0022500630&Season=2025-2026&flag=1&title=Curry+26%27+3PT+Jump+Shot+%283+PTS%29+%28Podziemski+1+AST%29
0022500618,392,2026-01-20,2026-01-20/TORGSW,3,GSW,TOR,Curry 27' 3PT Pullup Jump Shot (15 PTS) (Green 4 AST),50,53,73,73,3,23,20,https://videos.nba.com/nba/pbp/media/2026/01/20/0022500618/392/c50a8639-e663-2a20-9070-3de273ecde09_1280x720.mp4,https://videos.nba.com/nba/pbp/media/2026/01/20/0022500618/392/c50a8639-e663-2a20-9070-3de273ecde09_1280x720.jpg,https://www.nba.com/stats/events?GameEventID=392&GameID=0022500618&Season=2025-2026&flag=1&title=Curry+27%27+3PT+Pullup+Jump+Shot+%2815+PTS%29+%28Green+4+AST%29
0022500618,364,2026-01-20,2026-01-20/TORGSW,2,GSW,TOR,Curry 28' 3PT Jump Shot (12 PTS) (Hield 2 AST),47,50,70,70,3,23,20,https://videos.nba.com/nba/pbp/media/2026/01/20/0022500618/364/2ca9093e-a328-54d9-7101-5a5b27bd8860_1280x720.mp4,https://videos.nba.com/nba/pbp/media/2026/01/20/0022500618/364/2ca9093e-a328-54d9-7101-5a5b27bd8860_1280x720.jpg,https://www.nba.com/stats/events?GameEventID=364&GameID=0022500618&Season=2025-2026&flag=1&title=Curry+28%27+3PT+Jump+Shot+%2812+PTS%29+%28Hield+2+AST%29
0022500612,502,2026-01-19,2026-01-19/MIAGSW,3,GSW,MIA,Curry 25' 3PT Step Back Jump Shot (16 PTS),82,85,75,75,3,7,10,https://videos.nba.com/nba/pbp/media/2026/01/19/0022500612/502/cdff7f09-284c-0ecb-0e4d-4e6836cb8916_1280x720.mp4,https://videos.nba.com/nba/pbp/media/2026/01/19/0022500612/502/cdff7f09-284c-0ecb-0e4d-4e6836cb8916_1280x720.jpg,https://www.nba.com/stats/events?GameEventID=502&GameID=0022500612&Season=2025-2026&flag=1&title=Curry+25%27+3PT+Step+Back+Jump+Shot+%2816+PTS%29
0022500612,354,2026-01-19,2026-01-19/MIAGSW,2,GSW,MIA,Curry 28' 3PT Pullup Jump Shot (11 PTS),60,63,57,57,3,3,6,https://videos.nba.com/nba/pbp/media/2026/01/19/0022500612/354/5a5e7043-5233-7210-cb3f-baf08b696a49_1280x720.mp4,https://videos.nba.com/nba/pbp/media/2026/01/19/0022500612/354/5a5e7043-5233-7210-cb3f-baf08b696a49_1280x720.jpg,https://www.nba.com/stats/events?GameEventID=354&GameID=0022500612&Season=2025-2026&flag=1&title=Curry+28%27+3PT+Pullup+Jump+Shot+%2811+PTS%29
0022500612,350,2026-01-19,2026-01-19/MIAGSW,2,GSW,MIA,Curry 27' 3PT Jump Shot (8 PTS) (Horford 1 AST),57,60,54,54,3,3,6,https://videos.nba.com/nba/pbp/media/2026/01/19/0022500612/350/0cb893d9-13d0-89c4-cdaa-870693658833_1280x720.mp4,https://videos.nba.com/nba/pbp/media/2026/01/19/0022500612/350/0cb893d9-13d0-89c4-cdaa-870693658833_1280x720.jpg,https://www.nba.com/stats/events?GameEventID=350&GameID=0022500612&Season=2025-2026&flag=1&title=Curry+27%27+3PT+Jump+Shot+%288+PTS%29+%28Horford+1+AST%29
0022500612,95,2026-01-19,2026-01-19/MIAGSW,1,GSW,MIA,Curry 24' 3PT Step Back Jump Shot (3 PTS) (Podziemski 1 AST),12,15,15,15,3,3,0,https://videos.nba.com/nba/pbp/media/2026/01/19/0022500612/95/5ff600ce-251a-27a6-e3f5-371a7fce7fbd_1280x720.mp4,https://videos.nba.com/nba/pbp/media/2026/01/19/0022500612/95/5ff600ce-251a-27a6-e3f5-371a7fce7fbd_1280x720.jpg,https://www.nba.com/stats/events?GameEventID=95&GameID=0022500612&Season=2025-2026&flag=1&title=Curry+24%27+3PT+Step+Back+Jump+Shot+%283+PTS%29+%28Podziemski+1+AST%29
0022500612,616,2026-01-19,2026-01-19/MIAGSW,4,GSW,MIA,Curry 27' 3PT Step Back Jump Shot (19 PTS),107,110,95,95,3,12,15,https://videos.nba.com/nba/pbp/media/2026/01/19/0022500612/616/a4c897af-88b4-d9b8-e09e-ca535085c716_1280x720.mp4,https://videos.nba.com/nba/pbp/media/2026/01/19/0022500612/616/a4c897af-88b4-d9b8-e09e-ca535085c716_1280x720.jpg,https://www.nba.com/stats/events?GameEventID=616&GameID=0022500612&Season=2025-2026&flag=1&title=Curry+27%27+3PT+Step+Back+Jump+Shot+%2819+PTS%29
0022500599,467,2026-01-17,2026-01-17/CHAGSW,3,GSW,CHA,Curry 27' 3PT Pullup Jump Shot (14 PTS) (Podziemski 5 AST),90,93,81,81,3,9,12,https://videos.nba.com/nba/pbp/media/2026/01/17/0022500599/467/b853f4d5-3476-d1d7-f5c0-7af772dfe26b_1280x720.mp4,https://videos.nba.com/nba/pbp/media/2026/01/17/0022500599/467/b853f4d5-3476-d1d7-f5c0-7af772dfe26b_1280x720.jpg,https://www.nba.com/stats/events?GameEventID=467&GameID=0022500599&Season=2025-2026&flag=1&title=Curry+27%27+3PT+Pullup+Jump+Shot+%2814+PTS%29+%28Podziemski+5+AST%29
0022500599,370,2026-01-17,2026-01-17/CHAGSW,3,GSW,CHA,Curry 27' 3PT Jump Shot (11 PTS) (Green 6 AST),71,74,63,63,3,8,11,https://videos.nba.com/nba/pbp/media/2026/01/17/0022500599/370/8be0aae5-6b2c-08bf-2b10-a200cb13e228_1280x720.mp4,https://videos.nba.com/nba/pbp/media/2026/01/17/0022500599/370/8be0aae5-6b2c-08bf-2b10-a200cb13e228_1280x720.jpg,https://www.nba.com/stats/events?GameEventID=370&GameID=0022500599&Season=2025-2026&flag=1&title=Curry+27%27+3PT+Jump+Shot+%2811+PTS%29+%28Green+6+AST%29
0022500584,363,2026-01-15,2026-01-15/NYKGSW,3,GSW,NYK,Curry 26' 3PT Running Pull-Up Jump Shot (12 PTS),69,72,65,65,3,4,7,https://videos.nba.com/nba/pbp/media/2026/01/15/0022500584/363/01134fa1-daab-f3fb-9559-a1fb638eb3ec_1280x720.mp4,https://videos.nba.com/nba/pbp/media/2026/01/15/0022500584/363/01134fa1-daab-f3fb-9559-a1fb638eb3ec_1280x720.jpg,https://www.nba.com/stats/events?GameEventID=363&GameID=0022500584&Season=2025-2026&flag=1&title=Curry+26%27+3PT+Running+Pull-Up+Jump+Shot+%2812+PTS%29
0022500584,580,2026-01-15,2026-01-15/NYKGSW,4,GSW,NYK,Curry 25' 3PT Step Back Jump Shot (27 PTS),107,110,96,96,3,11,14,https://videos.nba.com/nba/pbp/media/2026/01/15/0022500584/580/17618efb-c62b-90f0-507a-5c313946873c_1280x720.mp4,https://videos.nba.com/nba/pbp/media/2026/01/15/0022500584/580/17618efb-c62b-90f0-507a-5c313946873c_1280x720.jpg,https://www.nba.com/stats/events?GameEventID=580&GameID=0022500584&Season=2025-2026&flag=1&title=Curry+25%27+3PT+Step+Back+Jump+Shot+%2827+PTS%29
0022500584,563,2026-01-15,2026-01-15/NYKGSW,4,GSW,NYK,Curry 25' 3PT Step Back Jump Shot (24 PTS),104,107,94,94,3,10,13,https://videos.nba.com/nba/pbp/media/2026/01/15/0022500584/563/aba083d5-6628-8b3e-244d-94cb9d095a99_1280x720.mp4,https://videos.nba.com/nba/pbp/media/2026/01/15/0022500584/563/aba083d5-6628-8b3e-244d-94cb9d095a99_1280x720.jpg,https://www.nba.com/stats/events?GameEventID=563&GameID=0022500584&Season=2025-2026&flag=1&title=Curry+25%27+3PT+Step+Back+Jump+Shot+%2824+PTS%29
0022500584,370,2026-01-15,2026-01-15/NYKGSW,3,GSW,NYK,Curry 28' 3PT Pullup Jump Shot (15 PTS),72,75,67,67,3,5,8,https://videos.nba.com/nba/pbp/media/2026/01/15/0022500584/370/036f3499-307b-58c6-5e55-f5b5d8d82e07_1280x720.mp4,https://videos.nba.com/nba/pbp/media/2026/01/15/0022500584/370/036f3499-307b-58c6-5e55-f5b5d8d82e07_1280x720.jpg,https://www.nba.com/stats/events?GameEventID=370&GameID=0022500584&Season=2025-2026&flag=1&title=Curry+28%27+3PT+Pullup+Jump+Shot+%2815+PTS%29
0022500570,462,2026-01-13,2026-01-13/PORGSW,3,GSW,POR,Curry 24' 3PT Pullup Jump Shot (7 PTS) (Butler III 4 AST),74,77,60,60,3,14,17,https://videos.nba.com/nba/pbp/media/2026/01/13/0022500570/462/4f3cb7a4-1145-40c8-2fb0-e0ff91d8776e_1280x720.mp4,https://videos.nba.com/nba/pbp/media/2026/01/13/0022500570/462/4f3cb7a4-1145-40c8-2fb0-e0ff91d8776e_1280x720.jpg,https://www.nba.com/stats/events?GameEventID=462&GameID=0022500570&Season=2025-2026&flag=1&title=Curry+24%27+3PT+Pullup+Jump+Shot+%287+PTS%29+%28Butler+III+4+AST%29
0022500570,105,2026-01-13,2026-01-13/PORGSW,1,GSW,POR,Curry 3PT Jump Shot (3 PTS) (Santos 3 AST),23,26,13,13,3,10,13,https://videos.nba.com/nba/pbp/media/2026/01/13/0022500570/105/c773f6fa-019f-0b56-ec98-fd09b9253bdf_1280x720.mp4,https://videos.nba.com/nba/pbp/media/2026/01/13/0022500570/105/c773f6fa-019f-0b56-ec98-fd09b9253bdf_1280x720.jpg,https://www.nba.com/stats/events?GameEventID=105&GameID=0022500570&Season=2025-2026&flag=1&title=Curry+3PT+Jump+Shot+%283+PTS%29+%28Santos+3+AST%29
0022500556,641,2026-01-11,2026-01-11/ATLGSW,4,GSW,ATL,Curry 29' 3PT Pullup Jump Shot (29 PTS) (Green 3 AST),92,95,112,112,3,20,17,https://videos.nba.com/nba/pbp/media/2026/01/11/0022500556/641/937e661e-d2e8-7f44-5781-fb3084c5fd97_1280x720.mp4,https://videos.nba.com/nba/pbp/media/2026/01/11/0022500556/641/937e661e-d2e8-7f44-5781-fb3084c5fd97_1280x720.jpg,https://www.nba.com/stats/events?GameEventID=641&GameID=0022500556&Season=2025-2026&flag=1&title=Curry+29%27+3PT+Pullup+Jump+Shot+%2829+PTS%29+%28Green+3+AST%29
0022500556,424,2026-01-11,2026-01-11/ATLGSW,3,GSW,ATL,Curry 25' 3PT Running Jump Shot (19 PTS) (Melton 2 AST),65,68,70,70,3,5,2,https://videos.nba.com/nba/pbp/media/2026/01/11/0022500556/424/af74dd8a-2045-744f-2a53-ce989d52c69b_1280x720.mp4,https://videos.nba.com/nba/pbp/media/2026/01/11/0022500556/424/af74dd8a-2045-744f-2a53-ce989d52c69b_1280x720.jpg,https://www.nba.com/stats/events?GameEventID=424&GameID=0022500556&Season=2025-2026&flag=1&title=Curry+25%27+3PT+Running+Jump+Shot+%2819+PTS%29+%28Melton+2+AST%29
0022500556,51,2026-01-11,2026-01-11/ATLGSW,1,GSW,ATL,Curry 3PT Jump Shot (7 PTS) (Butler III 2 AST),11,14,4,4,3,7,10,https://videos.nba.com/nba/pbp/media/2026/01/11/0022500556/51/61a015b4-eb18-b840-1fc7-79400632ce6f_1280x720.mp4,https://videos.nba.com/nba/pbp/media/2026/01/11/0022500556/51/61a015b4-eb18-b840-1fc7-79400632ce6f_1280x720.jpg,https://www.nba.com/stats/events?GameEventID=51&GameID=0022500556&Season=2025-2026&flag=1&title=Curry+3PT+Jump+Shot+%287+PTS%29+%28Butler+III+2+AST%29
0022500539,31,2026-01-09,2026-01-09/SACGSW,1,GSW,SAC,Curry 26' 3PT Jump Shot (6 PTS) (Green 1 AST),10,13,4,4,3,6,9,https://videos.nba.com/nba/pbp/media/2026/01/09/0022500539/31/928d9904-895c-1837-5ec5-7af21cf4b452_1280x720.mp4,https://videos.nba.com/nba/pbp/media/2026/01/09/0022500539/31/928d9904-895c-1837-5ec5-7af21cf4b452_1280x720.jpg,https://www.nba.com/stats/events?GameEventID=31&GameID=0022500539&Season=2025-2026&flag=1&title=Curry+26%27+3PT+Jump+Shot+%286+PTS%29+%28Green+1+AST%29
0022500539,408,2026-01-09,2026-01-09/SACGSW,3,GSW,SAC,Curry 27' 3PT Pullup Jump Shot (27 PTS) (Green 7 AST),78,81,74,74,3,4,7,https://videos.nba.com/nba/pbp/media/2026/01/09/0022500539/408/49618a24-23f6-e41d-2d44-ad4681f01303_1280x720.mp4,https://videos.nba.com/nba/pbp/media/2026/01/09/0022500539/408/49618a24-23f6-e41d-2d44-ad4681f01303_1280x720.jpg,https://www.nba.com/stats/events?GameEventID=408&GameID=0022500539&Season=2025-2026&flag=1&title=Curry+27%27+3PT+Pullup+Jump+Shot+%2827+PTS%29+%28Green+7+AST%29
0022500539,404,2026-01-09,2026-01-09/SACGSW,3,GSW,SAC,Curry 28' 3PT Jump Shot (24 PTS) (Green 6 AST),75,78,74,74,3,1,4,https://videos.nba.com/nba/pbp/media/2026/01/09/0022500539/404/c94164ef-139f-56ae-553a-01521df5fc75_1280x720.mp4,https://videos.nba.com/nba/pbp/media/2026/01/09/0022500539/404/c94164ef-139f-56ae-553a-01521df5fc75_1280x720.jpg,https://www.nba.com/stats/events?GameEventID=404&GameID=0022500539&Season=2025-2026&flag=1&title=Curry+28%27+3PT+Jump+Shot+%2824+PTS%29+%28Green+6+AST%29
0022500539,372,2026-01-09,2026-01-09/SACGSW,3,GSW,SAC,Curry 29' 3PT Jump Shot (21 PTS) (Butler III 3 AST),67,70,67,67,3,0,3,https://videos.nba.com/nba/pbp/media/2026/01/09/0022500539/372/6851056e-890a-cce4-5754-2f052359b45e_1280x720.mp4,https://videos.nba.com/nba/pbp/media/2026/01/09/0022500539/372/6851056e-890a-cce4-5754-2f052359b45e_1280x720.jpg,https://www.nba.com/stats/events?GameEventID=372&GameID=0022500539&Season=2025-2026&flag=1&title=Curry+29%27+3PT+Jump+Shot+%2821+PTS%29+%28Butler+III+3+AST%29
0022500539,218,2026-01-09,2026-01-09/SACGSW,2,GSW,SAC,Curry 24' 3PT Jump Shot (16 PTS) (Podziemski 1 AST),42,45,41,41,3,1,4,https://videos.nba.com/nba/pbp/media/2026/01/09/0022500539/218/776d13cd-b4a0-ddcb-5bbe-5aa7d0a76794_1280x720.mp4,https://videos.nba.com/nba/pbp/media/2026/01/09/0022500539/218/776d13cd-b4a0-ddcb-5bbe-5aa7d0a76794_1280x720.jpg,https://www.nba.com/stats/events?GameEventID=218&GameID=0022500539&Season=2025-2026&flag=1&title=Curry+24%27+3PT+Jump+Shot+%2816+PTS%29+%28Podziemski+1+AST%29
0022500539,60,2026-01-09,2026-01-09/SACGSW,1,GSW,SAC,Curry 27' 3PT Jump Shot (9 PTS) (Green 2 AST),18,21,12,12,3,6,9,https://videos.nba.com/nba/pbp/media/2026/01/09/0022500539/60/d4fe475d-cc1e-f972-c4fc-3fc0a7f6a21a_1280x720.mp4,https://videos.nba.com/nba/pbp/media/2026/01/09/0022500539/60/d4fe475d-cc1e-f972-c4fc-3fc0a7f6a21a_1280x720.jpg,https://www.nba.com/stats/events?GameEventID=60&GameID=0022500539&Season=2025-2026&flag=1&title=Curry+27%27+3PT+Jump+Shot+%289+PTS%29+%28Green+2+AST%29
0022500526,81,2026-01-07,2026-01-07/MILGSW,1,GSW,MIL,Curry 30' 3PT Jump Shot (8 PTS) (Green 3 AST),17,20,19,19,3,2,1,https://videos.nba.com/nba/pbp/media/2026/01/07/0022500526/81/8f3cd006-5dae-68e3-572e-2aecc28a398f_1280x720.mp4,https://videos.nba.com/nba/pbp/media/2026/01/07/0022500526/81/8f3cd006-5dae-68e3-572e-2aecc28a398f_1280x720.jpg,https://www.nba.com/stats/events?GameEventID=81&GameID=0022500526&Season=2025-2026&flag=1&title=Curry+30%27+3PT+Jump+Shot+%288+PTS%29+%28Green+3+AST%29
0022500526,408,2026-01-07,2026-01-07/MILGSW,3,GSW,MIL,Curry 26' 3PT Jump Shot (25 PTS) (Santos 1 AST),82,85,69,69,3,13,16,https://videos.nba.com/nba/pbp/media/2026/01/07/0022500526/408/594e8e92-ce04-0701-6114-32d65b14df1b_1280x720.mp4,https://videos.nba.com/nba/pbp/media/2026/01/07/0022500526/408/594e8e92-ce04-0701-6114-32d65b14df1b_1280x720.jpg,https://www.nba.com/stats/events?GameEventID=408&GameID=0022500526&Season=2025-2026&flag=1&title=Curry+26%27+3PT+Jump+Shot+%2825+PTS%29+%28Santos+1+AST%29
0022500526,157,2026-01-07,2026-01-07/MILGSW,2,GSW,MIL,Curry 26' 3PT Jump Shot (13 PTS) (Horford 2 AST),31,34,33,33,3,2,1,https://videos.nba.com/nba/pbp/media/2026/01/07/0022500526/157/2ccf307e-6d0a-240c-bbe7-1863bdf40722_1280x720.mp4,https://videos.nba.com/nba/pbp/media/2026/01/07/0022500526/157/2ccf307e-6d0a-240c-bbe7-1863bdf40722_1280x720.jpg,https://www.nba.com/stats/events?GameEventID=157&GameID=0022500526&Season=2025-2026&flag=1&title=Curry+26%27+3PT+Jump+Shot+%2813+PTS%29+%28Horford+2+AST%29
0022500508,299,2026-01-05,2026-01-05/GSWLAC,2,LAC,GSW,Curry 26' 3PT Jump Shot (12 PTS) (Green 6 AST),53,53,42,45,3,11,8,https://videos.nba.com/nba/pbp/media/2026/01/05/0022500508/299/583d1286-f7ab-5ce4-9c35-b576ca6520b4_1280x720.mp4,https://videos.nba.com/nba/pbp/media/2026/01/05/0022500508/299/583d1286-f7ab-5ce4-9c35-b576ca6520b4_1280x720.jpg,https://www.nba.com/stats/events?GameEventID=299&GameID=0022500508&Season=2025-2026&flag=1&title=Curry+26%27+3PT+Jump+Shot+%2812+PTS%29+%28Green+6+AST%29
0022500508,671,2026-01-05,2026-01-05/GSWLAC,4,LAC,GSW,Curry 25' 3PT Pullup Jump Shot (27 PTS) (Green 12 AST),101,101,97,100,3,4,1,https://videos.nba.com/nba/pbp/media/2026/01/05/0022500508/671/eb91600f-b020-408f-bf40-9d4abac8554a_1280x720.mp4,https://videos.nba.com/nba/pbp/media/2026/01/05/0022500508/671/eb91600f-b020-408f-bf40-9d4abac8554a_1280x720.jpg,https://www.nba.com/stats/events?GameEventID=671&GameID=0022500508&Season=2025-2026&flag=1&title=Curry+25%27+3PT+Pullup+Jump+Shot+%2827+PTS%29+%28Green+12+AST%29
0022500508,667,2026-01-05,2026-01-05/GSWLAC,4,LAC,GSW,Curry 28' 3PT Jump Shot (24 PTS) (Green 11 AST),101,101,94,97,3,7,4,https://videos.nba.com/nba/pbp/media/2026/01/05/0022500508/667/cf2bfd40-5810-0ac9-1356-a68d0b02cf63_1280x720.mp4,https://videos.nba.com/nba/pbp/media/2026/01/05/0022500508/667/cf2bfd40-5810-0ac9-1356-a68d0b02cf63_1280x720.jpg,https://www.nba.com/stats/events?GameEventID=667&GameID=0022500508&Season=2025-2026&flag=1&title=Curry+28%27+3PT+Jump+Shot+%2824+PTS%29+%28Green+11+AST%29
0022500508,194,2026-01-05,2026-01-05/GSWLAC,2,LAC,GSW,Curry 26' 3PT Jump Shot (5 PTS) (Green 4 AST),31,31,19,22,3,12,9,https://videos.nba.com/nba/pbp/media/2026/01/05/0022500508/194/7fe3082c-9bbf-882c-045f-105cb1f3c65a_1280x720.mp4,https://videos.nba.com/nba/pbp/media/2026/01/05/0022500508/194/7fe3082c-9bbf-882c-045f-105cb1f3c65a_1280x720.jpg,https://www.nba.com/stats/events?GameEventID=194&GameID=0022500508&Season=2025-2026&flag=1&title=Curry+26%27+3PT+Jump+Shot+%285+PTS%29+%28Green+4+AST%29
0022500492,483,2026-01-03,2026-01-03/UTAGSW,3,GSW,UTA,Curry 36' 3PT Pullup Jump Shot (27 PTS),93,96,93,93,3,0,3,https://videos.nba.com/nba/pbp/media/2026/01/03/0022500492/483/42fa330e-3b42-6441-10cb-20c2c9f4feba_1280x720.mp4,https://videos.nba.com/nba/pbp/media/2026/01/03/0022500492/483/42fa330e-3b42-6441-10cb-20c2c9f4feba_1280x720.jpg,https://www.nba.com/stats/events?GameEventID=483&GameID=0022500492&Season=2025-2026&flag=1&title=Curry+36%27+3PT+Pullup+Jump+Shot+%2827+PTS%29
0022500492,432,2026-01-03,2026-01-03/UTAGSW,3,GSW,UTA,Curry 33' 3PT Jump Shot (20 PTS) (Santos 1 AST),80,83,81,81,3,1,2,https://videos.nba.com/nba/pbp/media/2026/01/03/0022500492/432/a0affef9-f5b2-9666-bb62-fecdc0137806_1280x720.mp4,https://videos.nba.com/nba/pbp/media/2026/01/03/0022500492/432/a0affef9-f5b2-9666-bb62-fecdc0137806_1280x720.jpg,https://www.nba.com/stats/events?GameEventID=432&GameID=0022500492&Season=2025-2026&flag=1&title=Curry+33%27+3PT+Jump+Shot+%2820+PTS%29+%28Santos+1+AST%29
0022500492,416,2026-01-03,2026-01-03/UTAGSW,3,GSW,UTA,Curry 25' 3PT Pullup Jump Shot (17 PTS),77,80,79,79,3,2,1,https://videos.nba.com/nba/pbp/media/2026/01/03/0022500492/416/04b5447f-8dc1-efdd-1a6a-f67d80babdcc_1280x720.mp4,https://videos.nba.com/nba/pbp/media/2026/01/03/0022500492/416/04b5447f-8dc1-efdd-1a6a-f67d80babdcc_1280x720.jpg,https://www.nba.com/stats/events?GameEventID=416&GameID=0022500492&Season=2025-2026&flag=1&title=Curry+25%27+3PT+Pullup+Jump+Shot+%2817+PTS%29
0022500492,377,2026-01-03,2026-01-03/UTAGSW,3,GSW,UTA,Curry 26' 3PT Step Back Jump Shot (12 PTS),63,66,71,71,3,8,5,https://videos.nba.com/nba/pbp/media/2026/01/03/0022500492/377/6abca4f8-c62f-4619-8c92-7cb8171f7656_1280x720.mp4,https://videos.nba.com/nba/pbp/media/2026/01/03/0022500492/377/6abca4f8-c62f-4619-8c92-7cb8171f7656_1280x720.jpg,https://www.nba.com/stats/events?GameEventID=377&GameID=0022500492&Season=2025-2026&flag=1&title=Curry+26%27+3PT+Step+Back+Jump+Shot+%2812+PTS%29
0022500492,351,2026-01-03,2026-01-03/UTAGSW,2,GSW,UTA,Curry 27' 3PT Step Back Jump Shot (9 PTS),55,58,65,65,3,10,7,https://videos.nba.com/nba/pbp/media/2026/01/03/0022500492/351/ae03ee8b-4284-0c0b-5c19-fa8f05433e23_1280x720.mp4,https://videos.nba.com/nba/pbp/media/2026/01/03/0022500492/351/ae03ee8b-4284-0c0b-5c19-fa8f05433e23_1280x720.jpg,https://www.nba.com/stats/events?GameEventID=351&GameID=0022500492&Season=2025-2026&flag=1&title=Curry+27%27+3PT+Step+Back+Jump+Shot+%289+PTS%29
0022500492,98,2026-01-03,2026-01-03/UTAGSW,1,GSW,UTA,Curry 27' 3PT Pullup Jump Shot (5 PTS) (Podziemski 2 AST),13,16,18,18,3,5,2,https://videos.nba.com/nba/pbp/media/2026/01/03/0022500492/98/00393b07-82b1-897c-1dd4-fd85bd6c0d53_1280x720.mp4,https://videos.nba.com/nba/pbp/media/2026/01/03/0022500492/98/00393b07-82b1-897c-1dd4-fd85bd6c0d53_1280x720.jpg,https://www.nba.com/stats/events?GameEventID=98&GameID=0022500492&Season=2025-2026&flag=1&title=Curry+27%27+3PT+Pullup+Jump+Shot+%285+PTS%29+%28Podziemski+2+AST%29
0022500462,349,2025-12-31,2025-12-31/GSWCHA,2,CHA,GSW,Curry 26' 3PT Step Back Jump Shot (15 PTS),62,62,61,64,3,1,2,https://videos.nba.com/nba/pbp/media/2025/12/31/0022500462/349/d12df929-72dd-a3c2-e5ca-e9b6b1920308_1280x720.mp4,https://videos.nba.com/nba/pbp/media/2025/12/31/0022500462/349/d12df929-72dd-a3c2-e5ca-e9b6b1920308_1280x720.jpg,https://www.nba.com/stats/events?GameEventID=349&GameID=0022500462&Season=2025-2026&flag=1&title=Curry+26%27+3PT+Step+Back+Jump+Shot+%2815+PTS%29
0022500462,39,2025-12-31,2025-12-31/GSWCHA,1,CHA,GSW,Curry 25' 3PT Jump Shot (3 PTS) (Moody 1 AST),10,10,8,11,3,2,1,https://videos.nba.com/nba/pbp/media/2025/12/31/0022500462/39/c85c19ac-ef5b-8297-2a19-205d0a6a8f6d_1280x720.mp4,https://videos.nba.com/nba/pbp/media/2025/12/31/0022500462/39/c85c19ac-ef5b-8297-2a19-205d0a6a8f6d_1280x720.jpg,https://www.nba.com/stats/events?GameEventID=39&GameID=0022500462&Season=2025-2026&flag=1&title=Curry+25%27+3PT+Jump+Shot+%283+PTS%29+%28Moody+1+AST%29
0022500462,203,2025-12-31,2025-12-31/GSWCHA,2,CHA,GSW,Curry 29' 3PT Pullup Jump Shot (6 PTS),35,35,32,35,3,3,0,https://videos.nba.com/nba/pbp/media/2025/12/31/0022500462/203/f0eb832a-eb7f-a9f2-cf33-09c26e0dfa60_1280x720.mp4,https://videos.nba.com/nba/pbp/media/2025/12/31/0022500462/203/f0eb832a-eb7f-a9f2-cf33-09c26e0dfa60_1280x720.jpg,https://www.nba.com/stats/events?GameEventID=203&GameID=0022500462&Season=2025-2026&flag=1&title=Curry+29%27+3PT+Pullup+Jump+Shot+%286+PTS%29
0022500462,218,2025-12-31,2025-12-31/GSWCHA,2,CHA,GSW,Curry 26' 3PT Pullup Jump Shot (10 PTS) (Green 4 AST),40,40,39,42,3,1,2,https://videos.nba.com/nba/pbp/media/2025/12/31/0022500462/218/573a69c2-ace9-3532-5eac-378a74200eea_1280x720.mp4,https://videos.nba.com/nba/pbp/media/2025/12/31/0022500462/218/573a69c2-ace9-3532-5eac-378a74200eea_1280x720.jpg,https://www.nba.com/stats/events?GameEventID=218&GameID=0022500462&Season=2025-2026&flag=1&title=Curry+26%27+3PT+Pullup+Jump+Shot+%2810+PTS%29+%28Green+4+AST%29
0022500462,414,2025-12-31,2025-12-31/GSWCHA,3,CHA,GSW,Curry 26' 3PT Step Back Jump Shot (18 PTS) (Butler III 4 AST),64,64,73,76,3,9,12,https://videos.nba.com/nba/pbp/media/2025/12/31/0022500462/414/3919b1b2-28fd-cb77-ac3d-c315296dd765_1280x720.mp4,https://videos.nba.com/nba/pbp/media/2025/12/31/0022500462/414/3919b1b2-28fd-cb77-ac3d-c315296dd765_1280x720.jpg,https://www.nba.com/stats/events?GameEventID=414&GameID=0022500462&Season=2025-2026&flag=1&title=Curry+26%27+3PT+Step+Back+Jump+Shot+%2818+PTS%29+%28Butler+III+4+AST%29
0022500449,560,2025-12-29,2025-12-29/GSWBKN,4,BKN,GSW,Curry 26' 3PT Jump Shot (23 PTS) (Richard 2 AST),88,88,91,94,3,3,6,https://videos.nba.com/nba/pbp/media/2025/12/29/0022500449/560/3580c267-e751-18d5-092b-618fb0178824_1280x720.mp4,https://videos.nba.com/nba/pbp/media/2025/12/29/0022500449/560/3580c267-e751-18d5-092b-618fb0178824_1280x720.jpg,https://www.nba.com/stats/events?GameEventID=560&GameID=0022500449&Season=2025-2026&flag=1&title=Curry+26%27+3PT+Jump+Shot+%2823+PTS%29+%28Richard+2+AST%29
0022500449,466,2025-12-29,2025-12-29/GSWBKN,3,BKN,GSW,Curry 25' 3PT Step Back Jump Shot (20 PTS),71,71,71,74,3,0,3,https://videos.nba.com/nba/pbp/media/2025/12/29/0022500449/466/93cd6a86-2aaf-ba3d-f3d5-e47245aff639_1280x720.mp4,https://videos.nba.com/nba/pbp/media/2025/12/29/0022500449/466/93cd6a86-2aaf-ba3d-f3d5-e47245aff639_1280x720.jpg,https://www.nba.com/stats/events?GameEventID=466&GameID=0022500449&Season=2025-2026&flag=1&title=Curry+25%27+3PT+Step+Back+Jump+Shot+%2820+PTS%29
0022500449,440,2025-12-29,2025-12-29/GSWBKN,3,BKN,GSW,Curry 24' 3PT Step Back Jump Shot (13 PTS) (Podziemski 1 AST),69,69,64,67,3,5,2,https://videos.nba.com/nba/pbp/media/2025/12/29/0022500449/440/f96b7098-fd46-87ca-5e75-28065bdf46b3_1280x720.mp4,https://videos.nba.com/nba/pbp/media/2025/12/29/0022500449/440/f96b7098-fd46-87ca-5e75-28065bdf46b3_1280x720.jpg,https://www.nba.com/stats/events?GameEventID=440&GameID=0022500449&Season=2025-2026&flag=1&title=Curry+24%27+3PT+Step+Back+Jump+Shot+%2813+PTS%29+%28Podziemski+1+AST%29
0022500449,237,2025-12-29,2025-12-29/GSWBKN,2,BKN,GSW,Curry 26' 3PT Step Back Jump Shot (10 PTS) (Green 2 AST),39,39,39,42,3,0,3,https://videos.nba.com/nba/pbp/media/2025/12/29/0022500449/237/d9d9fdf1-897a-13fe-eedf-fc3d7ca5776d_1280x720.mp4,https://videos.nba.com/nba/pbp/media/2025/12/29/0022500449/237/d9d9fdf1-897a-13fe-eedf-fc3d7ca5776d_1280x720.jpg,https://www.nba.com/stats/events?GameEventID=237&GameID=0022500449&Season=2025-2026&flag=1&title=Curry+26%27+3PT+Step+Back+Jump+Shot+%2810+PTS%29+%28Green+2+AST%29
0022500449,216,2025-12-29,2025-12-29/GSWBKN,2,BKN,GSW,Curry 28' 3PT Pullup Jump Shot (7 PTS),36,36,34,37,3,2,1,https://videos.nba.com/nba/pbp/media/2025/12/29/0022500449/216/83ae5a61-1632-0ffd-bfc9-3ac74e236bf9_1280x720.mp4,https://videos.nba.com/nba/pbp/media/2025/12/29/0022500449/216/83ae5a61-1632-0ffd-bfc9-3ac74e236bf9_1280x720.jpg,https://www.nba.com/stats/events?GameEventID=216&GameID=0022500449&Season=2025-2026&flag=1&title=Curry+28%27+3PT+Pullup+Jump+Shot+%287+PTS%29
0022500441,703,2025-12-28,2025-12-28/GSWTOR,4,TOR,GSW,Curry 27' 3PT Jump Shot (39 PTS) (Green 7 AST),113,113,117,120,3,4,7,https://videos.nba.com/nba/pbp/media/2025/12/28/0022500441/703/040a4fd3-ca59-65ae-8b83-8201fe19240c_1280x720.mp4,https://videos.nba.com/nba/pbp/media/2025/12/28/0022500441/703/040a4fd3-ca59-65ae-8b83-8201fe19240c_1280x720.jpg,https://www.nba.com/stats/events?GameEventID=703&GameID=0022500441&Season=2025-2026&flag=1&title=Curry+27%27+3PT+Jump+Shot+%2839+PTS%29+%28Green+7+AST%29
0022500441,231,2025-12-28,2025-12-28/GSWTOR,2,TOR,GSW,Curry 28' 3PT Jump Shot (11 PTS) (Green 4 AST),45,45,38,41,3,7,4,https://videos.nba.com/nba/pbp/media/2025/12/28/0022500441/231/8304f969-97a5-c7fb-46d2-c832b2774219_1280x720.mp4,https://videos.nba.com/nba/pbp/media/2025/12/28/0022500441/231/8304f969-97a5-c7fb-46d2-c832b2774219_1280x720.jpg,https://www.nba.com/stats/events?GameEventID=231&GameID=0022500441&Season=2025-2026&flag=1&title=Curry+28%27+3PT+Jump+Shot+%2811+PTS%29+%28Green+4+AST%29
0022500441,386,2025-12-28,2025-12-28/GSWTOR,3,TOR,GSW,Curry 26' 3PT Running Pull-Up Jump Shot (18 PTS),65,65,64,67,3,1,2,https://videos.nba.com/nba/pbp/media/2025/12/28/0022500441/386/e6d8fd22-fa38-54c4-5937-33ad77e8320e_1280x720.mp4,https://videos.nba.com/nba/pbp/media/2025/12/28/0022500441/386/e6d8fd22-fa38-54c4-5937-33ad77e8320e_1280x720.jpg,https://www.nba.com/stats/events?GameEventID=386&GameID=0022500441&Season=2025-2026&flag=1&title=Curry+26%27+3PT+Running+Pull-Up+Jump+Shot+%2818+PTS%29
0022500441,61,2025-12-28,2025-12-28/GSWTOR,1,TOR,GSW,Curry 25' 3PT Jump Shot (6 PTS) (Green 2 AST),13,13,13,16,3,0,3,https://videos.nba.com/nba/pbp/media/2025/12/28/0022500441/61/775ceffe-26c2-974d-e1d3-67e31fa3afb6_1280x720.mp4,https://videos.nba.com/nba/pbp/media/2025/12/28/0022500441/61/775ceffe-26c2-974d-e1d3-67e31fa3afb6_1280x720.jpg,https://www.nba.com/stats/events?GameEventID=61&GameID=0022500441&Season=2025-2026&flag=1&title=Curry+25%27+3PT+Jump+Shot+%286+PTS%29+%28Green+2+AST%29
0022500011,263,2025-12-25,2025-12-25/DALGSW,2,GSW,DAL,Curry 33' 3PT Jump Shot (8 PTS) (Moody 1 AST),43,46,38,38,3,5,8,https://videos.nba.com/nba/pbp/media/2025/12/25/0022500011/263/ebd63a2a-f24d-ac8c-7884-4921b482ec36_1280x720.mp4,https://videos.nba.com/nba/pbp/media/2025/12/25/0022500011/263/ebd63a2a-f24d-ac8c-7884-4921b482ec36_1280x720.jpg,https://www.nba.com/stats/events?GameEventID=263&GameID=0022500011&Season=2025-2026&flag=1&title=Curry+33%27+3PT+Jump+Shot+%288+PTS%29+%28Moody+1+AST%29
0022500011,677,2025-12-25,2025-12-25/DALGSW,4,GSW,DAL,Curry 26' 3PT Pullup Jump Shot (23 PTS),112,115,104,104,3,8,11,https://videos.nba.com/nba/pbp/media/2025/12/25/0022500011/677/07a28537-780a-4f16-79fc-a9479da0916a_1280x720.mp4,https://videos.nba.com/nba/pbp/media/2025/12/25/0022500011/677/07a28537-780a-4f16-79fc-a9479da0916a_1280x720.jpg,https://www.nba.com/stats/events?GameEventID=677&GameID=0022500011&Season=2025-2026&flag=1&title=Curry+26%27+3PT+Pullup+Jump+Shot+%2823+PTS%29
0022500407,597,2025-12-22,2025-12-22/ORLGSW,4,GSW,ORL,Curry 29' 3PT Jump Shot (26 PTS) (Podziemski 5 AST),99,102,85,85,3,14,17,https://videos.nba.com/nba/pbp/media/2025/12/22/0022500407/597/4b98137d-0602-466e-15f9-d34842676e68_1280x720.mp4,https://videos.nba.com/nba/pbp/media/2025/12/22/0022500407/597/4b98137d-0602-466e-15f9-d34842676e68_1280x720.jpg,https://www.nba.com/stats/events?GameEventID=597&GameID=0022500407&Season=2025-2026&flag=1&title=Curry+29%27+3PT+Jump+Shot+%2826+PTS%29+%28Podziemski+5+AST%29
0022500407,451,2025-12-22,2025-12-22/ORLGSW,3,GSW,ORL,Curry 28' 3PT Jump Shot (21 PTS) (Payton II 5 AST),77,80,75,75,3,2,5,https://videos.nba.com/nba/pbp/media/2025/12/22/0022500407/451/4ffed5d1-288a-3f4f-2ba8-8fc05ba7212b_1280x720.mp4,https://videos.nba.com/nba/pbp/media/2025/12/22/0022500407/451/4ffed5d1-288a-3f4f-2ba8-8fc05ba7212b_1280x720.jpg,https://www.nba.com/stats/events?GameEventID=451&GameID=0022500407&Season=2025-2026&flag=1&title=Curry+28%27+3PT+Jump+Shot+%2821+PTS%29+%28Payton+II+5+AST%29
0022500407,416,2025-12-22,2025-12-22/ORLGSW,3,GSW,ORL,Curry 31' 3PT Jump Shot (16 PTS) (Moody 1 AST),69,72,73,73,3,4,1,https://videos.nba.com/nba/pbp/media/2025/12/22/0022500407/416/47ada1f2-835c-b1d2-b6b3-bbe46bd6ebfa_1280x720.mp4,https://videos.nba.com/nba/pbp/media/2025/12/22/0022500407/416/47ada1f2-835c-b1d2-b6b3-bbe46bd6ebfa_1280x720.jpg,https://www.nba.com/stats/events?GameEventID=416&GameID=0022500407&Season=2025-2026&flag=1&title=Curry+31%27+3PT+Jump+Shot+%2816+PTS%29+%28Moody+1+AST%29
0022500407,409,2025-12-22,2025-12-22/ORLGSW,3,GSW,ORL,Curry 28' 3PT Step Back Jump Shot (13 PTS),66,69,71,71,3,5,2,https://videos.nba.com/nba/pbp/media/2025/12/22/0022500407/409/0f8b12ed-0061-b01f-7db0-12b6fd131fe2_1280x720.mp4,https://videos.nba.com/nba/pbp/media/2025/12/22/0022500407/409/0f8b12ed-0061-b01f-7db0-12b6fd131fe2_1280x720.jpg,https://www.nba.com/stats/events?GameEventID=409&GameID=0022500407&Season=2025-2026&flag=1&title=Curry+28%27+3PT+Step+Back+Jump+Shot+%2813+PTS%29
0022500392,740,2025-12-20,2025-12-20/PHXGSW,4,GSW,PHX,Curry 30' 3PT Jump Shot (24 PTS) (Podziemski 5 AST),109,112,105,105,3,4,7,https://videos.nba.com/nba/pbp/media/2025/12/20/0022500392/740/cb94be35-3815-1b3b-eac6-ef2b04fa8497_1280x720.mp4,https://videos.nba.com/nba/pbp/media/2025/12/20/0022500392/740/cb94be35-3815-1b3b-eac6-ef2b04fa8497_1280x720.jpg,https://www.nba.com/stats/events?GameEventID=740&GameID=0022500392&Season=2025-2026&flag=1&title=Curry+30%27+3PT+Jump+Shot+%2824+PTS%29+%28Podziemski+5+AST%29
0022500392,206,2025-12-20,2025-12-20/PHXGSW,2,GSW,PHX,Curry 32' 3PT Running Jump Shot (10 PTS) (Payton II 1 AST),34,37,46,46,3,12,9,https://videos.nba.com/nba/pbp/media/2025/12/20/0022500392/206/c2094bc2-7d36-3fd4-7348-73859c0a291b_1280x720.mp4,https://videos.nba.com/nba/pbp/media/2025/12/20/0022500392/206/c2094bc2-7d36-3fd4-7348-73859c0a291b_1280x720.jpg,https://www.nba.com/stats/events?GameEventID=206&GameID=0022500392&Season=2025-2026&flag=1&title=Curry+32%27+3PT+Running+Jump+Shot+%2810+PTS%29+%28Payton+II+1+AST%29
0022500392,646,2025-12-20,2025-12-20/PHXGSW,4,GSW,PHX,Curry 26' 3PT Step Back Jump Shot (17 PTS),95,98,90,90,3,5,8,https://videos.nba.com/nba/pbp/media/2025/12/20/0022500392/646/2bc23aed-c50b-ca36-87e0-c92dd2975c36_1280x720.mp4,https://videos.nba.com/nba/pbp/media/2025/12/20/0022500392/646/2bc23aed-c50b-ca36-87e0-c92dd2975c36_1280x720.jpg,https://www.nba.com/stats/events?GameEventID=646&GameID=0022500392&Season=2025-2026&flag=1&title=Curry+26%27+3PT+Step+Back+Jump+Shot+%2817+PTS%29
0022500392,30,2025-12-20,2025-12-20/PHXGSW,1,GSW,PHX,Curry 27' 3PT Jump Shot (5 PTS) (Moody 1 AST),4,7,8,8,3,4,1,https://videos.nba.com/nba/pbp/media/2025/12/20/0022500392/30/64d03de1-fea9-1ede-a0a6-51c6d4a9c8ec_1280x720.mp4,https://videos.nba.com/nba/pbp/media/2025/12/20/0022500392/30/64d03de1-fea9-1ede-a0a6-51c6d4a9c8ec_1280x720.jpg,https://www.nba.com/stats/events?GameEventID=30&GameID=0022500392&Season=2025-2026&flag=1&title=Curry+27%27+3PT+Jump+Shot+%285+PTS%29+%28Moody+1+AST%29
0022500378,83,2025-12-18,2025-12-18/GSWPHX,1,PHX,GSW,St. Curry 27' 3PT Jump Shot (5 PTS) (Green 1 AST),15,15,11,14,3,4,1,https://videos.nba.com/nba/pbp/media/2025/12/18/0022500378/83/4cfed1a0-1a31-274d-ea32-515527ddaba0_1280x720.mp4,https://videos.nba.com/nba/pbp/media/2025/12/18/0022500378/83/4cfed1a0-1a31-274d-ea32-515527ddaba0_1280x720.jpg,https://www.nba.com/stats/events?GameEventID=83&GameID=0022500378&Season=2025-2026&flag=1&title=St.+Curry+27%27+3PT+Jump+Shot+%285+PTS%29+%28Green+1+AST%29
0022500378,502,2025-12-18,2025-12-18/GSWPHX,3,PHX,GSW,St. Curry 26' 3PT Jump Shot (11 PTS) (Jackson-Davis 3 AST),66,66,68,71,3,2,5,https://videos.nba.com/nba/pbp/media/2025/12/18/0022500378/502/17b0e2fa-c5b9-546a-366d-c8d4c16b4f23_1280x720.mp4,https://videos.nba.com/nba/pbp/media/2025/12/18/0022500378/502/17b0e2fa-c5b9-546a-366d-c8d4c16b4f23_1280x720.jpg,https://www.nba.com/stats/events?GameEventID=502&GameID=0022500378&Season=2025-2026&flag=1&title=St.+Curry+26%27+3PT+Jump+Shot+%2811+PTS%29+%28Jackson-Davis+3+AST%29
0022501221,191,2025-12-14,2025-12-14/GSWPOR,2,POR,GSW,St. Curry 25' 3PT Pullup Jump Shot (9 PTS),34,34,31,34,3,3,0,https://videos.nba.com/nba/pbp/media/2025/12/14/0022501221/191/089aa91e-298d-a971-7843-a9d4740db2f8_1280x720.mp4,https://videos.nba.com/nba/pbp/media/2025/12/14/0022501221/191/089aa91e-298d-a971-7843-a9d4740db2f8_1280x720.jpg,https://www.nba.com/stats/events?GameEventID=191&GameID=0022501221&Season=2025-2026&flag=1&title=St.+Curry+25%27+3PT+Pullup+Jump+Shot+%289+PTS%29
0022501221,690,2025-12-14,2025-12-14/GSWPOR,4,POR,GSW,St. Curry 28' 3PT Pullup Jump Shot (43 PTS) (Green 7 AST),121,121,121,124,3,0,3,https://videos.nba.com/nba/pbp/media/2025/12/14/0022501221/690/749051b9-3cb7-9402-6563-35e03a23efec_1280x720.mp4,https://videos.nba.com/nba/pbp/media/2025/12/14/0022501221/690/749051b9-3cb7-9402-6563-35e03a23efec_1280x720.jpg,https://www.nba.com/stats/events?GameEventID=690&GameID=0022501221&Season=2025-2026&flag=1&title=St.+Curry+28%27+3PT+Pullup+Jump+Shot+%2843+PTS%29+%28Green+7+AST%29
0022501221,24,2025-12-14,2025-12-14/GSWPOR,1,POR,GSW,St. Curry 27' 3PT Jump Shot (3 PTS) (Green 1 AST),5,5,0,3,3,5,2,https://videos.nba.com/nba/pbp/media/2025/12/14/0022501221/24/8d34ff72-677d-e288-6870-bce37d381000_1280x720.mp4,https://videos.nba.com/nba/pbp/media/2025/12/14/0022501221/24/8d34ff72-677d-e288-6870-bce37d381000_1280x720.jpg,https://www.nba.com/stats/events?GameEventID=24&GameID=0022501221&Season=2025-2026&flag=1&title=St.+Curry+27%27+3PT+Jump+Shot+%283+PTS%29+%28Green+1+AST%29
0022501221,51,2025-12-14,2025-12-14/GSWPOR,1,POR,GSW,St. Curry 25' 3PT Pullup Jump Shot (6 PTS) (Green 2 AST),9,9,6,9,3,3,0,https://videos.nba.com/nba/pbp/media/2025/12/14/0022501221/51/d717e016-5875-4cae-0bcf-2849758d8f55_1280x720.mp4,https://videos.nba.com/nba/pbp/media/2025/12/14/0022501221/51/d717e016-5875-4cae-0bcf-2849758d8f55_1280x720.jpg,https://www.nba.com/stats/events?GameEventID=51&GameID=0022501221&Season=2025-2026&flag=1&title=St.+Curry+25%27+3PT+Pullup+Jump+Shot+%286+PTS%29+%28Green+2+AST%29
0022501221,422,2025-12-14,2025-12-14/GSWPOR,3,POR,GSW,St. Curry 33' 3PT Jump Shot (18 PTS) (Green 5 AST),67,67,70,73,3,3,6,https://videos.nba.com/nba/pbp/media/2025/12/14/0022501221/422/9dc58fb5-d875-f726-9f8d-f97f3d0e9e48_1280x720.mp4,https://videos.nba.com/nba/pbp/media/2025/12/14/0022501221/422/9dc58fb5-d875-f726-9f8d-f97f3d0e9e48_1280x720.jpg,https://www.nba.com/stats/events?GameEventID=422&GameID=0022501221&Season=2025-2026&flag=1&title=St.+Curry+33%27+3PT+Jump+Shot+%2818+PTS%29+%28Green+5+AST%29
0022501221,425,2025-12-14,2025-12-14/GSWPOR,3,POR,GSW,St. Curry 25' 3PT Step Back Jump Shot (21 PTS) (Post 3 AST),70,70,73,76,3,3,6,https://videos.nba.com/nba/pbp/media/2025/12/14/0022501221/425/7c50f8a8-5623-266a-86cf-be372e33a1f2_1280x720.mp4,https://videos.nba.com/nba/pbp/media/2025/12/14/0022501221/425/7c50f8a8-5623-266a-86cf-be372e33a1f2_1280x720.jpg,https://www.nba.com/stats/events?GameEventID=425&GameID=0022501221&Season=2025-2026&flag=1&title=St.+Curry+25%27+3PT+Step+Back+Jump+Shot+%2821+PTS%29+%28Post+3+AST%29
0022501221,437,2025-12-14,2025-12-14/GSWPOR,3,POR,GSW,St. Curry 26' 3PT Step Back Jump Shot (24 PTS),70,70,76,79,3,6,9,https://videos.nba.com/nba/pbp/media/2025/12/14/0022501221/437/9e18e560-c7e4-0e5d-9210-deb06419f126_1280x720.mp4,https://videos.nba.com/nba/pbp/media/2025/12/14/0022501221/437/9e18e560-c7e4-0e5d-9210-deb06419f126_1280x720.jpg,https://www.nba.com/stats/events?GameEventID=437&GameID=0022501221&Season=2025-2026&flag=1&title=St.+Curry+26%27+3PT+Step+Back+Jump+Shot+%2824+PTS%29
0022501221,465,2025-12-14,2025-12-14/GSWPOR,3,POR,GSW,St. Curry 32' 3PT Pullup Jump Shot (27 PTS),79,79,83,86,3,4,7,https://videos.nba.com/nba/pbp/media/2025/12/14/0022501221/465/7817a785-d9b4-e9b8-45d9-5ee28f17f21d_1280x720.mp4,https://videos.nba.com/nba/pbp/media/2025/12/14/0022501221/465/7817a785-d9b4-e9b8-45d9-5ee28f17f21d_1280x720.jpg,https://www.nba.com/stats/events?GameEventID=465&GameID=0022501221&Season=2025-2026&flag=1&title=St.+Curry+32%27+3PT+Pullup+Jump+Shot+%2827+PTS%29
0022501221,602,2025-12-14,2025-12-14/GSWPOR,4,POR,GSW,St. Curry 29' 3PT Step Back Jump Shot (37 PTS) (Podziemski 3 AST),99,99,106,109,3,7,10,https://videos.nba.com/nba/pbp/media/2025/12/14/0022501221/602/00b1419f-d672-c14e-6957-ebd816c2c2e4_1280x720.mp4,https://videos.nba.com/nba/pbp/media/2025/12/14/0022501221/602/00b1419f-d672-c14e-6957-ebd816c2c2e4_1280x720.jpg,https://www.nba.com/stats/events?GameEventID=602&GameID=0022501221&Season=2025-2026&flag=1&title=St.+Curry+29%27+3PT+Step+Back+Jump+Shot+%2837+PTS%29+%28Podziemski+3+AST%29
0022501221,640,2025-12-14,2025-12-14/GSWPOR,4,POR,GSW,St. Curry 3PT Running Jump Shot (40 PTS) (Podziemski 4 AST),113,113,112,115,3,1,2,https://videos.nba.com/nba/pbp/media/2025/12/14/0022501221/640/9058fc4f-8072-0f58-89f2-d3e0f459f241_1280x720.mp4,https://videos.nba.com/nba/pbp/media/2025/12/14/0022501221/640/9058fc4f-8072-0f58-89f2-d3e0f459f241_1280x720.jpg,https://www.nba.com/stats/events?GameEventID=640&GameID=0022501221&Season=2025-2026&flag=1&title=St.+Curry+3PT+Running+Jump+Shot+%2840+PTS%29+%28Podziemski+4+AST%29
0022501221,591,2025-12-14,2025-12-14/GSWPOR,4,POR,GSW,St. Curry 26' 3PT Step Back Jump Shot (34 PTS) (Hield 1 AST),99,99,103,106,3,4,7,https://videos.nba.com/nba/pbp/media/2025/12/14/0022501221/591/c5b10440-b3de-770f-4b7f-3edb404b6822_1280x720.mp4,https://videos.nba.com/nba/pbp/media/2025/12/14/0022501221/591/c5b10440-b3de-770f-4b7f-3edb404b6822_1280x720.jpg,https://www.nba.com/stats/events?GameEventID=591&GameID=0022501221&Season=2025-2026&flag=1&title=St.+Curry+26%27+3PT+Step+Back+Jump+Shot+%2834+PTS%29+%28Hield+1+AST%29
0022501221,710,2025-12-14,2025-12-14/GSWPOR,4,POR,GSW,St. Curry 26' 3PT Pullup Jump Shot (48 PTS) (Podziemski 5 AST),127,127,126,129,3,1,2,https://videos.nba.com/nba/pbp/media/2025/12/14/0022501221/710/691965b9-f54d-0199-60d6-bc1ed8a73d09_1280x720.mp4,https://videos.nba.com/nba/pbp/media/2025/12/14/0022501221/710/691965b9-f54d-0199-60d6-bc1ed8a73d09_1280x720.jpg,https://www.nba.com/stats/events?GameEventID=710&GameID=0022501221&Season=2025-2026&flag=1&title=St.+Curry+26%27+3PT+Pullup+Jump+Shot+%2848+PTS%29+%28Podziemski+5+AST%29
0022501215,664,2025-12-12,2025-12-12/MINGSW,4,GSW,MIN,St. Curry 27' 3PT Pullup Jump Shot (33 PTS) (Moody 2 AST),108,111,112,112,3,4,1,https://videos.nba.com/nba/pbp/media/2025/12/12/0022501215/664/b49ed49a-54ed-4bed-a662-452325fdf47b_1280x720.mp4,https://videos.nba.com/nba/pbp/media/2025/12/12/0022501215/664/b49ed49a-54ed-4bed-a662-452325fdf47b_1280x720.jpg,https://www.nba.com/stats/events?GameEventID=664&GameID=0022501215&Season=2025-2026&flag=1&title=St.+Curry+27%27+3PT+Pullup+Jump+Shot+%2833+PTS%29+%28Moody+2+AST%29
0022501215,390,2025-12-12,2025-12-12/MINGSW,3,GSW,MIN,St. Curry 27' 3PT Jump Shot (21 PTS) (Post 3 AST),65,68,70,70,3,5,2,https://videos.nba.com/nba/pbp/media/2025/12/12/0022501215/390/77ca8a4e-2f47-fd50-03a1-d48e206a22a1_1280x720.mp4,https://videos.nba.com/nba/pbp/media/2025/12/12/0022501215/390/77ca8a4e-2f47-fd50-03a1-d48e206a22a1_1280x720.jpg,https://www.nba.com/stats/events?GameEventID=390&GameID=0022501215&Season=2025-2026&flag=1&title=St.+Curry+27%27+3PT+Jump+Shot+%2821+PTS%29+%28Post+3+AST%29
0022501215,628,2025-12-12,2025-12-12/MINGSW,4,GSW,MIN,St. Curry 30' 3PT Jump Shot (30 PTS) (Butler III 4 AST),98,101,108,108,3,10,7,https://videos.nba.com/nba/pbp/media/2025/12/12/0022501215/628/6aa0bcc8-8ec6-5142-68a9-cf5a840c3825_1280x720.mp4,https://videos.nba.com/nba/pbp/media/2025/12/12/0022501215/628/6aa0bcc8-8ec6-5142-68a9-cf5a840c3825_1280x720.jpg,https://www.nba.com/stats/events?GameEventID=628&GameID=0022501215&Season=2025-2026&flag=1&title=St.+Curry+30%27+3PT+Jump+Shot+%2830+PTS%29+%28Butler+III+4+AST%29
0022501215,51,2025-12-12,2025-12-12/MINGSW,1,GSW,MIN,St. Curry 27' 3PT Jump Shot (8 PTS) (Butler III 2 AST),9,12,11,11,3,2,1,https://videos.nba.com/nba/pbp/media/2025/12/12/0022501215/51/b6af0ada-a2f9-2ad9-7afa-a70b448ead3a_1280x720.mp4,https://videos.nba.com/nba/pbp/media/2025/12/12/0022501215/51/b6af0ada-a2f9-2ad9-7afa-a70b448ead3a_1280x720.jpg,https://www.nba.com/stats/events?GameEventID=51&GameID=0022501215&Season=2025-2026&flag=1&title=St.+Curry+27%27+3PT+Jump+Shot+%288+PTS%29+%28Butler+III+2+AST%29
0022501215,26,2025-12-12,2025-12-12/MINGSW,1,GSW,MIN,St. Curry 28' 3PT Jump Shot (5 PTS) (Butler III 1 AST),4,7,4,4,3,0,3,https://videos.nba.com/nba/pbp/media/2025/12/12/0022501215/26/869fdb6e-543a-00d5-0cac-c7a6abd9c307_1280x720.mp4,https://videos.nba.com/nba/pbp/media/2025/12/12/0022501215/26/869fdb6e-543a-00d5-0cac-c7a6abd9c307_1280x720.jpg,https://www.nba.com/stats/events?GameEventID=26&GameID=0022501215&Season=2025-2026&flag=1&title=St.+Curry+28%27+3PT+Jump+Shot+%285+PTS%29+%28Butler+III+1+AST%29
0022501215,678,2025-12-12,2025-12-12/MINGSW,4,GSW,MIN,St. Curry 28' 3PT Step Back Jump Shot (36 PTS) (Butler III 5 AST),112,115,114,114,3,2,1,https://videos.nba.com/nba/pbp/media/2025/12/12/0022501215/678/66f2a45c-1fa8-6c09-e653-856d9795a7c3_1280x720.mp4,https://videos.nba.com/nba/pbp/media/2025/12/12/0022501215/678/66f2a45c-1fa8-6c09-e653-856d9795a7c3_1280x720.jpg,https://www.nba.com/stats/events?GameEventID=678&GameID=0022501215&Season=2025-2026&flag=1&title=St.+Curry+28%27+3PT+Step+Back+Jump+Shot+%2836+PTS%29+%28Butler+III+5+AST%29
0022500066,304,2025-11-26,2025-11-26/HOUGSW,2,GSW,HOU,Curry 27' 3PT Jump Shot (8 PTS) (Green 1 AST),52,55,44,44,3,8,11,https://videos.nba.com/nba/pbp/media/2025/11/26/0022500066/304/c506d94b-2644-6519-cc34-a42478d7b8db_1280x720.mp4,https://videos.nba.com/nba/pbp/media/2025/11/26/0022500066/304/c506d94b-2644-6519-cc34-a42478d7b8db_1280x720.jpg,https://www.nba.com/stats/events?GameEventID=304&GameID=0022500066&Season=2025-2026&flag=1&title=Curry+27%27+3PT+Jump+Shot+%288+PTS%29+%28Green+1+AST%29
0022500066,216,2025-11-26,2025-11-26/HOUGSW,2,GSW,HOU,Curry 27' 3PT Pullup Jump Shot (5 PTS),35,38,32,32,3,3,6,https://videos.nba.com/nba/pbp/media/2025/11/26/0022500066/216/297ae7b0-4961-6fef-269f-85f588335a22_1280x720.mp4,https://videos.nba.com/nba/pbp/media/2025/11/26/0022500066/216/297ae7b0-4961-6fef-269f-85f588335a22_1280x720.jpg,https://www.nba.com/stats/events?GameEventID=216&GameID=0022500066&Season=2025-2026&flag=1&title=Curry+27%27+3PT+Pullup+Jump+Shot+%285+PTS%29
0022500291,615,2025-11-24,2025-11-24/UTAGSW,4,GSW,UTA,Curry 28' 3PT Pullup Jump Shot (31 PTS) (Payton II 8 AST),116,119,93,93,3,23,26,https://videos.nba.com/nba/pbp/media/2025/11/24/0022500291/615/7008e061-89f3-eb0d-5008-107b5d92a270_1280x720.mp4,https://videos.nba.com/nba/pbp/media/2025/11/24/0022500291/615/7008e061-89f3-eb0d-5008-107b5d92a270_1280x720.jpg,https://www.nba.com/stats/events?GameEventID=615&GameID=0022500291&Season=2025-2026&flag=1&title=Curry+28%27+3PT+Pullup+Jump+Shot+%2831+PTS%29+%28Payton+II+8+AST%29
0022500291,457,2025-11-24,2025-11-24/UTAGSW,3,GSW,UTA,Curry 29' 3PT Step Back Jump Shot (26 PTS) (Hield 3 AST),87,90,75,75,3,12,15,https://videos.nba.com/nba/pbp/media/2025/11/24/0022500291/457/46058fe6-1706-d89d-16d2-eaaafdbbbdf8_1280x720.mp4,https://videos.nba.com/nba/pbp/media/2025/11/24/0022500291/457/46058fe6-1706-d89d-16d2-eaaafdbbbdf8_1280x720.jpg,https://www.nba.com/stats/events?GameEventID=457&GameID=0022500291&Season=2025-2026&flag=1&title=Curry+29%27+3PT+Step+Back+Jump+Shot+%2826+PTS%29+%28Hield+3+AST%29
0022500291,250,2025-11-24,2025-11-24/UTAGSW,2,GSW,UTA,Curry 27' 3PT Step Back Jump Shot (7 PTS),44,47,35,35,3,9,12,https://videos.nba.com/nba/pbp/media/2025/11/24/0022500291/250/db40efdd-b00f-59a7-1924-608609d9d984_1280x720.mp4,https://videos.nba.com/nba/pbp/media/2025/11/24/0022500291/250/db40efdd-b00f-59a7-1924-608609d9d984_1280x720.jpg,https://www.nba.com/stats/events?GameEventID=250&GameID=0022500291&Season=2025-2026&flag=1&title=Curry+27%27+3PT+Step+Back+Jump+Shot+%287+PTS%29
0022500291,299,2025-11-24,2025-11-24/UTAGSW,2,GSW,UTA,Curry 26' 3PT Step Back Jump Shot (12 PTS),58,61,47,47,3,11,14,https://videos.nba.com/nba/pbp/media/2025/11/24/0022500291/299/ade180fb-98e2-9ec8-07a8-e3a9a4eeec88_1280x720.mp4,https://videos.nba.com/nba/pbp/media/2025/11/24/0022500291/299/ade180fb-98e2-9ec8-07a8-e3a9a4eeec88_1280x720.jpg,https://www.nba.com/stats/events?GameEventID=299&GameID=0022500291&Season=2025-2026&flag=1&title=Curry+26%27+3PT+Step+Back+Jump+Shot+%2812+PTS%29
0022500291,355,2025-11-24,2025-11-24/UTAGSW,3,GSW,UTA,Curry 25' 3PT Jump Shot (15 PTS) (Payton II 6 AST),67,70,57,57,3,10,13,https://videos.nba.com/nba/pbp/media/2025/11/24/0022500291/355/f82db799-d6d5-90ae-ff47-256956882ea2_1280x720.mp4,https://videos.nba.com/nba/pbp/media/2025/11/24/0022500291/355/f82db799-d6d5-90ae-ff47-256956882ea2_1280x720.jpg,https://www.nba.com/stats/events?GameEventID=355&GameID=0022500291&Season=2025-2026&flag=1&title=Curry+25%27+3PT+Jump+Shot+%2815+PTS%29+%28Payton+II+6+AST%29
0022500291,379,2025-11-24,2025-11-24/UTAGSW,3,GSW,UTA,Curry 27' 3PT Pullup Jump Shot (18 PTS),77,80,63,63,3,14,17,https://videos.nba.com/nba/pbp/media/2025/11/24/0022500291/379/94261706-69d5-07ff-7e21-dc5671c119ef_1280x720.mp4,https://videos.nba.com/nba/pbp/media/2025/11/24/0022500291/379/94261706-69d5-07ff-7e21-dc5671c119ef_1280x720.jpg,https://www.nba.com/stats/events?GameEventID=379&GameID=0022500291&Season=2025-2026&flag=1&title=Curry+27%27+3PT+Pullup+Jump+Shot+%2818+PTS%29
0022500056,726,2025-11-21,2025-11-21/PORGSW,4,GSW,POR,Curry 27' 3PT Step Back Jump Shot (38 PTS),120,123,125,125,3,5,2,https://videos.nba.com/nba/pbp/media/2025/11/21/0022500056/726/029880ca-caa1-8ac8-85d5-bb349476ba66_1280x720.mp4,https://videos.nba.com/nba/pbp/media/2025/11/21/0022500056/726/029880ca-caa1-8ac8-85d5-bb349476ba66_1280x720.jpg,https://www.nba.com/stats/events?GameEventID=726&GameID=0022500056&Season=2025-2026&flag=1&title=Curry+27%27+3PT+Step+Back+Jump+Shot+%2838+PTS%29
0022500056,132,2025-11-21,2025-11-21/PORGSW,1,GSW,POR,Curry 24' 3PT Jump Shot (5 PTS) (Payton II 1 AST),17,20,25,25,3,8,5,https://videos.nba.com/nba/pbp/media/2025/11/21/0022500056/132/b96fc147-e845-cbc2-46ed-c197d1bf7ad7_1280x720.mp4,https://videos.nba.com/nba/pbp/media/2025/11/21/0022500056/132/b96fc147-e845-cbc2-46ed-c197d1bf7ad7_1280x720.jpg,https://www.nba.com/stats/events?GameEventID=132&GameID=0022500056&Season=2025-2026&flag=1&title=Curry+24%27+3PT+Jump+Shot+%285+PTS%29+%28Payton+II+1+AST%29
0022500056,318,2025-11-21,2025-11-21/PORGSW,2,GSW,POR,Curry 27' 3PT Step Back Jump Shot (11 PTS) (Payton II 2 AST),49,52,51,51,3,2,1,https://videos.nba.com/nba/pbp/media/2025/11/21/0022500056/318/120e44ce-9bc6-c1fb-87f3-c38c9e66c07e_1280x720.mp4,https://videos.nba.com/nba/pbp/media/2025/11/21/0022500056/318/120e44ce-9bc6-c1fb-87f3-c38c9e66c07e_1280x720.jpg,https://www.nba.com/stats/events?GameEventID=318&GameID=0022500056&Season=2025-2026&flag=1&title=Curry+27%27+3PT+Step+Back+Jump+Shot+%2811+PTS%29+%28Payton+II+2+AST%29
0022500056,634,2025-11-21,2025-11-21/PORGSW,4,GSW,POR,Curry 27' 3PT Jump Shot (30 PTS) (Butler III 5 AST),102,105,109,109,3,7,4,https://videos.nba.com/nba/pbp/media/2025/11/21/0022500056/634/5b9692e9-4c55-e954-4ce4-e83c16c949e0_1280x720.mp4,https://videos.nba.com/nba/pbp/media/2025/11/21/0022500056/634/5b9692e9-4c55-e954-4ce4-e83c16c949e0_1280x720.jpg,https://www.nba.com/stats/events?GameEventID=634&GameID=0022500056&Season=2025-2026&flag=1&title=Curry+27%27+3PT+Jump+Shot+%2830+PTS%29+%28Butler+III+5+AST%29
0022500056,701,2025-11-21,2025-11-21/PORGSW,4,GSW,POR,Curry 24' 3PT Step Back Jump Shot (35 PTS),113,116,117,117,3,4,1,https://videos.nba.com/nba/pbp/media/2025/11/21/0022500056/701/5a5ba0f6-9517-7385-04e5-44e274c24383_1280x720.mp4,https://videos.nba.com/nba/pbp/media/2025/11/21/0022500056/701/5a5ba0f6-9517-7385-04e5-44e274c24383_1280x720.jpg,https://www.nba.com/stats/events?GameEventID=701&GameID=0022500056&Season=2025-2026&flag=1&title=Curry+24%27+3PT+Step+Back+Jump+Shot+%2835+PTS%29
0022500056,362,2025-11-21,2025-11-21/PORGSW,2,GSW,POR,Curry 27' 3PT Step Back Jump Shot (23 PTS) (Podziemski 1 AST),69,72,63,63,3,6,9,https://videos.nba.com/nba/pbp/media/2025/11/21/0022500056/362/e5182108-5057-5c11-c505-95878dc1b0fb_1280x720.mp4,https://videos.nba.com/nba/pbp/media/2025/11/21/0022500056/362/e5182108-5057-5c11-c505-95878dc1b0fb_1280x720.jpg,https://www.nba.com/stats/events?GameEventID=362&GameID=0022500056&Season=2025-2026&flag=1&title=Curry+27%27+3PT+Step+Back+Jump+Shot+%2823+PTS%29+%28Podziemski+1+AST%29
0022500056,348,2025-11-21,2025-11-21/PORGSW,2,GSW,POR,Curry 29' 3PT Step Back Jump Shot (20 PTS),61,64,58,58,3,3,6,https://videos.nba.com/nba/pbp/media/2025/11/21/0022500056/348/f5e2e88b-f284-7785-cfc3-3d28292d019f_1280x720.mp4,https://videos.nba.com/nba/pbp/media/2025/11/21/0022500056/348/f5e2e88b-f284-7785-cfc3-3d28292d019f_1280x720.jpg,https://www.nba.com/stats/events?GameEventID=348&GameID=0022500056&Season=2025-2026&flag=1&title=Curry+29%27+3PT+Step+Back+Jump+Shot+%2820+PTS%29
0022500056,337,2025-11-21,2025-11-21/PORGSW,2,GSW,POR,Curry 3PT Pullup Jump Shot (17 PTS) (Green 3 AST),58,61,56,56,3,2,5,https://videos.nba.com/nba/pbp/media/2025/11/21/0022500056/337/dc2a5ef5-7566-feac-054a-2da0601bdf7b_1280x720.mp4,https://videos.nba.com/nba/pbp/media/2025/11/21/0022500056/337/dc2a5ef5-7566-feac-054a-2da0601bdf7b_1280x720.jpg,https://www.nba.com/stats/events?GameEventID=337&GameID=0022500056&Season=2025-2026&flag=1&title=Curry+3PT+Pullup+Jump+Shot+%2817+PTS%29+%28Green+3+AST%29
0022500056,326,2025-11-21,2025-11-21/PORGSW,2,GSW,POR,Curry 30' 3PT Jump Shot (14 PTS) (Moody 1 AST),55,58,54,54,3,1,4,https://videos.nba.com/nba/pbp/media/2025/11/21/0022500056/326/0270cd76-27bf-c608-62c0-bba6867ea4d9_1280x720.mp4,https://videos.nba.com/nba/pbp/media/2025/11/21/0022500056/326/0270cd76-27bf-c608-62c0-bba6867ea4d9_1280x720.jpg,https://www.nba.com/stats/events?GameEventID=326&GameID=0022500056&Season=2025-2026&flag=1&title=Curry+30%27+3PT+Jump+Shot+%2814+PTS%29+%28Moody+1+AST%29
0022500249,288,2025-11-18,2025-11-18/GSWORL,2,ORL,GSW,Curry 25' 3PT Jump Shot (14 PTS) (Green 2 AST),59,59,47,50,3,12,9,https://videos.nba.com/nba/pbp/media/2025/11/18/0022500249/288/4aa2713a-c741-4ead-ce90-a614afaf6479_1280x720.mp4,https://videos.nba.com/nba/pbp/media/2025/11/18/0022500249/288/4aa2713a-c741-4ead-ce90-a614afaf6479_1280x720.jpg,https://www.nba.com/stats/events?GameEventID=288&GameID=0022500249&Season=2025-2026&flag=1&title=Curry+25%27+3PT+Jump+Shot+%2814+PTS%29+%28Green+2+AST%29
0022500249,637,2025-11-18,2025-11-18/GSWORL,4,ORL,GSW,Curry 27' 3PT Step Back Jump Shot (32 PTS),115,115,101,104,3,14,11,https://videos.nba.com/nba/pbp/media/2025/11/18/0022500249/637/f37f4108-1e44-dd41-dc97-5ea5e6631c4f_1280x720.mp4,https://videos.nba.com/nba/pbp/media/2025/11/18/0022500249/637/f37f4108-1e44-dd41-dc97-5ea5e6631c4f_1280x720.jpg,https://www.nba.com/stats/events?GameEventID=637&GameID=0022500249&Season=2025-2026&flag=1&title=Curry+27%27+3PT+Step+Back+Jump+Shot+%2832+PTS%29
0022500249,404,2025-11-18,2025-11-18/GSWORL,3,ORL,GSW,Curry 26' 3PT Running Jump Shot (25 PTS) (Richard 2 AST),75,75,67,70,3,8,5,https://videos.nba.com/nba/pbp/media/2025/11/18/0022500249/404/6f0cd452-be08-e9a1-2bc0-b75713c01c1a_1280x720.mp4,https://videos.nba.com/nba/pbp/media/2025/11/18/0022500249/404/6f0cd452-be08-e9a1-2bc0-b75713c01c1a_1280x720.jpg,https://www.nba.com/stats/events?GameEventID=404&GameID=0022500249&Season=2025-2026&flag=1&title=Curry+26%27+3PT+Running+Jump+Shot+%2825+PTS%29+%28Richard+2+AST%29
0022500249,319,2025-11-18,2025-11-18/GSWORL,2,ORL,GSW,Curry 26' 3PT Jump Shot (22 PTS) (Butler III 3 AST),63,63,57,60,3,6,3,https://videos.nba.com/nba/pbp/media/2025/11/18/0022500249/319/9587e888-01d7-0411-d089-688796714d9a_1280x720.mp4,https://videos.nba.com/nba/pbp/media/2025/11/18/0022500249/319/9587e888-01d7-0411-d089-688796714d9a_1280x720.jpg,https://www.nba.com/stats/events?GameEventID=319&GameID=0022500249&Season=2025-2026&flag=1&title=Curry+26%27+3PT+Jump+Shot+%2822+PTS%29+%28Butler+III+3+AST%29
0022500249,305,2025-11-18,2025-11-18/GSWORL,2,ORL,GSW,Curry 3PT Jump Shot (17 PTS) (Butler III 2 AST),61,61,52,55,3,9,6,https://videos.nba.com/nba/pbp/media/2025/11/18/0022500249/305/11338c44-0517-94bd-1fc6-962da1520014_1280x720.mp4,https://videos.nba.com/nba/pbp/media/2025/11/18/0022500249/305/11338c44-0517-94bd-1fc6-962da1520014_1280x720.jpg,https://www.nba.com/stats/events?GameEventID=305&GameID=0022500249&Season=2025-2026&flag=1&title=Curry+3PT+Jump+Shot+%2817+PTS%29+%28Butler+III+2+AST%29
0022500249,159,2025-11-18,2025-11-18/GSWORL,1,ORL,GSW,Curry 34' 3PT Pullup Jump Shot (9 PTS),36,36,29,32,3,7,4,https://videos.nba.com/nba/pbp/media/2025/11/18/0022500249/159/774ac190-52a9-8290-f36e-cafd1aed5f84_1280x720.mp4,https://videos.nba.com/nba/pbp/media/2025/11/18/0022500249/159/774ac190-52a9-8290-f36e-cafd1aed5f84_1280x720.jpg,https://www.nba.com/stats/events?GameEventID=159&GameID=0022500249&Season=2025-2026&flag=1&title=Curry+34%27+3PT+Pullup+Jump+Shot+%289+PTS%29
0022500249,26,2025-11-18,2025-11-18/GSWORL,1,ORL,GSW,Curry 25' 3PT Step Back Jump Shot (3 PTS) (Richard 1 AST),5,5,4,7,3,1,2,https://videos.nba.com/nba/pbp/media/2025/11/18/0022500249/26/a6d3ff08-4ede-9622-5f5e-51d6dce0fcf1_1280x720.mp4,https://videos.nba.com/nba/pbp/media/2025/11/18/0022500249/26/a6d3ff08-4ede-9622-5f5e-51d6dce0fcf1_1280x720.jpg,https://www.nba.com/stats/events?GameEventID=26&GameID=0022500249&Season=2025-2026&flag=1&title=Curry+25%27+3PT+Step+Back+Jump+Shot+%283+PTS%29+%28Richard+1+AST%29
0022500237,517,2025-11-16,2025-11-16/GSWNOP,3,NOP,GSW,Curry 26' 3PT Jump Shot (9 PTS) (Horford 3 AST),63,63,77,80,3,14,17,https://videos.nba.com/nba/pbp/media/2025/11/16/0022500237/517/cbdd3bbd-c28b-8ba4-6d3b-deb5e02a0cff_1280x720.mp4,https://videos.nba.com/nba/pbp/media/2025/11/16/0022500237/517/cbdd3bbd-c28b-8ba4-6d3b-deb5e02a0cff_1280x720.jpg,https://www.nba.com/stats/events?GameEventID=517&GameID=0022500237&Season=2025-2026&flag=1&title=Curry+26%27+3PT+Jump+Shot+%289+PTS%29+%28Horford+3+AST%29
0022500047,24,2025-11-14,2025-11-14/GSWSAS,1,SAS,GSW,Curry 26' 3PT Step Back Jump Shot (3 PTS),5,5,2,5,3,3,0,https://videos.nba.com/nba/pbp/media/2025/11/14/0022500047/24/a750eedb-48c4-6d9d-2842-7d61136ccc97_1280x720.mp4,https://videos.nba.com/nba/pbp/media/2025/11/14/0022500047/24/a750eedb-48c4-6d9d-2842-7d61136ccc97_1280x720.jpg,https://www.nba.com/stats/events?GameEventID=24&GameID=0022500047&Season=2025-2026&flag=1&title=Curry+26%27+3PT+Step+Back+Jump+Shot+%283+PTS%29
0022500047,477,2025-11-14,2025-11-14/GSWSAS,3,SAS,GSW,Curry 28' 3PT Step Back Jump Shot (29 PTS),72,72,68,71,3,4,1,https://videos.nba.com/nba/pbp/media/2025/11/14/0022500047/477/f258fa64-f4ed-8c4c-6cbc-49f97c9a1a90_1280x720.mp4,https://videos.nba.com/nba/pbp/media/2025/11/14/0022500047/477/f258fa64-f4ed-8c4c-6cbc-49f97c9a1a90_1280x720.jpg,https://www.nba.com/stats/events?GameEventID=477&GameID=0022500047&Season=2025-2026&flag=1&title=Curry+28%27+3PT+Step+Back+Jump+Shot+%2829+PTS%29
0022500047,610,2025-11-14,2025-11-14/GSWSAS,4,SAS,GSW,Curry 29' 3PT Pullup Jump Shot (41 PTS),95,95,85,88,3,10,7,https://videos.nba.com/nba/pbp/media/2025/11/14/0022500047/610/b6bd1783-f31c-a2f9-ccb9-8e33a5ec94d2_1280x720.mp4,https://videos.nba.com/nba/pbp/media/2025/11/14/0022500047/610/b6bd1783-f31c-a2f9-ccb9-8e33a5ec94d2_1280x720.jpg,https://www.nba.com/stats/events?GameEventID=610&GameID=0022500047&Season=2025-2026&flag=1&title=Curry+29%27+3PT+Pullup+Jump+Shot+%2841+PTS%29
0022500047,494,2025-11-14,2025-11-14/GSWSAS,3,SAS,GSW,Curry 29' 3PT Pullup Jump Shot (35 PTS) (Payton II 1 AST),77,77,74,77,3,3,0,https://videos.nba.com/nba/pbp/media/2025/11/14/0022500047/494/2a11896d-8d77-bb4f-20b7-1e57b1c1282b_1280x720.mp4,https://videos.nba.com/nba/pbp/media/2025/11/14/0022500047/494/2a11896d-8d77-bb4f-20b7-1e57b1c1282b_1280x720.jpg,https://www.nba.com/stats/events?GameEventID=494&GameID=0022500047&Season=2025-2026&flag=1&title=Curry+29%27+3PT+Pullup+Jump+Shot+%2835+PTS%29+%28Payton+II+1+AST%29
0022500047,485,2025-11-14,2025-11-14/GSWSAS,3,SAS,GSW,Curry 25' 3PT Jump Shot (32 PTS) (Green 5 AST),74,74,71,74,3,3,0,https://videos.nba.com/nba/pbp/media/2025/11/14/0022500047/485/8e61aa99-2e9d-9c7b-b4cf-df7b44efea61_1280x720.mp4,https://videos.nba.com/nba/pbp/media/2025/11/14/0022500047/485/8e61aa99-2e9d-9c7b-b4cf-df7b44efea61_1280x720.jpg,https://www.nba.com/stats/events?GameEventID=485&GameID=0022500047&Season=2025-2026&flag=1&title=Curry+25%27+3PT+Jump+Shot+%2832+PTS%29+%28Green+5+AST%29
0022500047,270,2025-11-14,2025-11-14/GSWSAS,2,SAS,GSW,Curry 28' 3PT Pullup Jump Shot (13 PTS),30,30,28,31,3,2,1,https://videos.nba.com/nba/pbp/media/2025/11/14/0022500047/270/81e51cb2-102a-4d6b-aeb5-3218c0222985_1280x720.mp4,https://videos.nba.com/nba/pbp/media/2025/11/14/0022500047/270/81e51cb2-102a-4d6b-aeb5-3218c0222985_1280x720.jpg,https://www.nba.com/stats/events?GameEventID=270&GameID=0022500047&Season=2025-2026&flag=1&title=Curry+28%27+3PT+Pullup+Jump+Shot+%2813+PTS%29
0022500047,422,2025-11-14,2025-11-14/GSWSAS,3,SAS,GSW,Curry 25' 3PT Pullup Jump Shot (21 PTS),62,62,56,59,3,6,3,https://videos.nba.com/nba/pbp/media/2025/11/14/0022500047/422/5c1c5d1b-233f-2179-b19c-caf77e9eaaaf_1280x720.mp4,https://videos.nba.com/nba/pbp/media/2025/11/14/0022500047/422/5c1c5d1b-233f-2179-b19c-caf77e9eaaaf_1280x720.jpg,https://www.nba.com/stats/events?GameEventID=422&GameID=0022500047&Season=2025-2026&flag=1&title=Curry+25%27+3PT+Pullup+Jump+Shot+%2821+PTS%29
0022500047,109,2025-11-14,2025-11-14/GSWSAS,1,SAS,GSW,Curry 26' 3PT Pullup Jump Shot (10 PTS),11,11,15,18,3,4,7,https://videos.nba.com/nba/pbp/media/2025/11/14/0022500047/109/d8153dcf-52e2-3b5b-684e-aa802f5b3633_1280x720.mp4,https://videos.nba.com/nba/pbp/media/2025/11/14/0022500047/109/d8153dcf-52e2-3b5b-684e-aa802f5b3633_1280x720.jpg,https://www.nba.com/stats/events?GameEventID=109&GameID=0022500047&Season=2025-2026&flag=1&title=Curry+26%27+3PT+Pullup+Jump+Shot+%2810+PTS%29
0022500047,326,2025-11-14,2025-11-14/GSWSAS,2,SAS,GSW,Curry 26' 3PT Step Back Jump Shot (16 PTS),35,35,40,43,3,5,8,https://videos.nba.com/nba/pbp/media/2025/11/14/0022500047/326/ded96576-7ab4-d57a-4a83-a597763ed191_1280x720.mp4,https://videos.nba.com/nba/pbp/media/2025/11/14/0022500047/326/ded96576-7ab4-d57a-4a83-a597763ed191_1280x720.jpg,https://www.nba.com/stats/events?GameEventID=326&GameID=0022500047&Season=2025-2026&flag=1&title=Curry+26%27+3PT+Step+Back+Jump+Shot+%2816+PTS%29
0022500220,42,2025-11-12,2025-11-12/GSWSAS,1,SAS,GSW,Curry 3PT Pullup Jump Shot (5 PTS) (Green 2 AST),12,12,8,11,3,4,1,https://videos.nba.com/nba/pbp/media/2025/11/12/0022500220/42/80243829-1372-c562-4d45-6eacbc8fb935_1280x720.mp4,https://videos.nba.com/nba/pbp/media/2025/11/12/0022500220/42/80243829-1372-c562-4d45-6eacbc8fb935_1280x720.jpg,https://www.nba.com/stats/events?GameEventID=42&GameID=0022500220&Season=2025-2026&flag=1&title=Curry+3PT+Pullup+Jump+Shot+%285+PTS%29+%28Green+2+AST%29
0022500220,367,2025-11-12,2025-11-12/GSWSAS,3,SAS,GSW,Curry 25' 3PT Pullup Jump Shot (23 PTS) (Butler III 4 AST),63,63,54,57,3,9,6,https://videos.nba.com/nba/pbp/media/2025/11/12/0022500220/367/539390f8-4804-015d-e338-0a2ecd0246b8_1280x720.mp4,https://videos.nba.com/nba/pbp/media/2025/11/12/0022500220/367/539390f8-4804-015d-e338-0a2ecd0246b8_1280x720.jpg,https://www.nba.com/stats/events?GameEventID=367&GameID=0022500220&Season=2025-2026&flag=1&title=Curry+25%27+3PT+Pullup+Jump+Shot+%2823+PTS%29+%28Butler+III+4+AST%29
0022500220,361,2025-11-12,2025-11-12/GSWSAS,3,SAS,GSW,Curry 3PT Jump Shot (20 PTS) (Butler III 3 AST),61,61,51,54,3,10,7,https://videos.nba.com/nba/pbp/media/2025/11/12/0022500220/361/988a836a-ce1f-5936-d3f8-53af7580efef_1280x720.mp4,https://videos.nba.com/nba/pbp/media/2025/11/12/0022500220/361/988a836a-ce1f-5936-d3f8-53af7580efef_1280x720.jpg,https://www.nba.com/stats/events?GameEventID=361&GameID=0022500220&Season=2025-2026&flag=1&title=Curry+3PT+Jump+Shot+%2820+PTS%29+%28Butler+III+3+AST%29
0022500220,452,2025-11-12,2025-11-12/GSWSAS,3,SAS,GSW,Curry 26' 3PT Step Back Jump Shot (33 PTS) (Moody 3 AST),73,73,72,75,3,1,2,https://videos.nba.com/nba/pbp/media/2025/11/12/0022500220/452/cfd52504-864a-5fd2-cf1e-cc039fae874f_1280x720.mp4,https://videos.nba.com/nba/pbp/media/2025/11/12/0022500220/452/cfd52504-864a-5fd2-cf1e-cc039fae874f_1280x720.jpg,https://www.nba.com/stats/events?GameEventID=452&GameID=0022500220&Season=2025-2026&flag=1&title=Curry+26%27+3PT+Step+Back+Jump+Shot+%2833+PTS%29+%28Moody+3+AST%29
0022500220,639,2025-11-12,2025-11-12/GSWSAS,4,SAS,GSW,Curry 3PT Jump Shot (42 PTS) (Payton II 2 AST),101,101,107,110,3,6,9,https://videos.nba.com/nba/pbp/media/2025/11/12/0022500220/639/4cd8dc6f-b9fc-7c18-b40b-c2986f4e23d1_1280x720.mp4,https://videos.nba.com/nba/pbp/media/2025/11/12/0022500220/639/4cd8dc6f-b9fc-7c18-b40b-c2986f4e23d1_1280x720.jpg,https://www.nba.com/stats/events?GameEventID=639&GameID=0022500220&Season=2025-2026&flag=1&title=Curry+3PT+Jump+Shot+%2842+PTS%29+%28Payton+II+2+AST%29
0022500210,32,2025-11-11,2025-11-11/GSWOKC,1,OKC,GSW,Curry 25' 3PT Jump Shot (5 PTS) (Green 2 AST),10,10,6,9,3,4,1,https://videos.nba.com/nba/pbp/media/2025/11/11/0022500210/32/13a147c6-c241-eca7-fb87-a4fa87edd252_1280x720.mp4,https://videos.nba.com/nba/pbp/media/2025/11/11/0022500210/32/13a147c6-c241-eca7-fb87-a4fa87edd252_1280x720.jpg,https://www.nba.com/stats/events?GameEventID=32&GameID=0022500210&Season=2025-2026&flag=1&title=Curry+25%27+3PT+Jump+Shot+%285+PTS%29+%28Green+2+AST%29
0022500169,351,2025-11-04,2025-11-04/PHXGSW,3,GSW,PHX,Curry 28' 3PT Running Jump Shot (17 PTS) (Moody 1 AST),70,73,49,49,3,21,24,https://videos.nba.com/nba/pbp/media/2025/11/04/0022500169/351/45c08b07-1822-982e-d285-0d0435b2649a_1280x720.mp4,https://videos.nba.com/nba/pbp/media/2025/11/04/0022500169/351/45c08b07-1822-982e-d285-0d0435b2649a_1280x720.jpg,https://www.nba.com/stats/events?GameEventID=351&GameID=0022500169&Season=2025-2026&flag=1&title=Curry+28%27+3PT+Running+Jump+Shot+%2817+PTS%29+%28Moody+1+AST%29
0022500169,328,2025-11-04,2025-11-04/PHXGSW,2,GSW,PHX,Curry 27' 3PT Pullup Jump Shot (12 PTS) (Green 3 AST),65,68,47,47,3,18,21,https://videos.nba.com/nba/pbp/media/2025/11/04/0022500169/328/38119208-fb16-2b41-e2fd-36a1bf4aa7a5_1280x720.mp4,https://videos.nba.com/nba/pbp/media/2025/11/04/0022500169/328/38119208-fb16-2b41-e2fd-36a1bf4aa7a5_1280x720.jpg,https://www.nba.com/stats/events?GameEventID=328&GameID=0022500169&Season=2025-2026&flag=1&title=Curry+27%27+3PT+Pullup+Jump+Shot+%2812+PTS%29+%28Green+3+AST%29
0022500169,318,2025-11-04,2025-11-04/PHXGSW,2,GSW,PHX,Curry 29' 3PT Jump Shot (9 PTS) (Hield 2 AST),62,65,44,44,3,18,21,https://videos.nba.com/nba/pbp/media/2025/11/04/0022500169/318/fc1bc9b4-3f8a-4b39-473e-625c67032f15_1280x720.mp4,https://videos.nba.com/nba/pbp/media/2025/11/04/0022500169/318/fc1bc9b4-3f8a-4b39-473e-625c67032f15_1280x720.jpg,https://www.nba.com/stats/events?GameEventID=318&GameID=0022500169&Season=2025-2026&flag=1&title=Curry+29%27+3PT+Jump+Shot+%289+PTS%29+%28Hield+2+AST%29
0022500169,75,2025-11-04,2025-11-04/PHXGSW,1,GSW,PHX,Curry 3PT Jump Shot (6 PTS) (Green 1 AST),14,17,11,11,3,3,6,https://videos.nba.com/nba/pbp/media/2025/11/04/0022500169/75/c4a18e90-1010-4afd-f516-a28d84cbe772_1280x720.mp4,https://videos.nba.com/nba/pbp/media/2025/11/04/0022500169/75/c4a18e90-1010-4afd-f516-a28d84cbe772_1280x720.jpg,https://www.nba.com/stats/events?GameEventID=75&GameID=0022500169&Season=2025-2026&flag=1&title=Curry+3PT+Jump+Shot+%286+PTS%29+%28Green+1+AST%29
0022500169,56,2025-11-04,2025-11-04/PHXGSW,1,GSW,PHX,Curry 28' 3PT Running Pull-Up Jump Shot (3 PTS),8,11,5,5,3,3,6,https://videos.nba.com/nba/pbp/media/2025/11/04/0022500169/56/07b1d916-38f1-47fc-0f53-ffa6082511f8_1280x720.mp4,https://videos.nba.com/nba/pbp/media/2025/11/04/0022500169/56/07b1d916-38f1-47fc-0f53-ffa6082511f8_1280x720.jpg,https://www.nba.com/stats/events?GameEventID=56&GameID=0022500169&Season=2025-2026&flag=1&title=Curry+28%27+3PT+Running+Pull-Up+Jump+Shot+%283+PTS%29
0022500144,244,2025-11-01,2025-11-01/GSWIND,2,IND,GSW,Curry 27' 3PT Pullup Jump Shot (13 PTS),39,39,44,47,3,5,8,https://videos.nba.com/nba/pbp/media/2025/11/01/0022500144/244/6242509d-e31b-4bd1-891f-640afd1e669b_1280x720.mp4,https://videos.nba.com/nba/pbp/media/2025/11/01/0022500144/244/6242509d-e31b-4bd1-891f-640afd1e669b_1280x720.jpg,https://www.nba.com/stats/events?GameEventID=244&GameID=0022500144&Season=2025-2026&flag=1&title=Curry+27%27+3PT+Pullup+Jump+Shot+%2813+PTS%29
0022500144,86,2025-11-01,2025-11-01/GSWIND,1,IND,GSW,Curry 25' 3PT Step Back Jump Shot (9 PTS) (Hield 1 AST),16,16,19,22,3,3,6,https://videos.nba.com/nba/pbp/media/2025/11/01/0022500144/86/3fd0ea74-d8bc-20e3-205a-ef8a97ad1460_1280x720.mp4,https://videos.nba.com/nba/pbp/media/2025/11/01/0022500144/86/3fd0ea74-d8bc-20e3-205a-ef8a97ad1460_1280x720.jpg,https://www.nba.com/stats/events?GameEventID=86&GameID=0022500144&Season=2025-2026&flag=1&title=Curry+25%27+3PT+Step+Back+Jump+Shot+%289+PTS%29+%28Hield+1+AST%29
0022500144,62,2025-11-01,2025-11-01/GSWIND,1,IND,GSW,Curry 26' 3PT Pullup Jump Shot (3 PTS) (Green 1 AST),14,14,13,16,3,1,2,https://videos.nba.com/nba/pbp/media/2025/11/01/0022500144/62/3aca8acb-3730-f27b-c2b7-22e1201e0a3a_1280x720.mp4,https://videos.nba.com/nba/pbp/media/2025/11/01/0022500144/62/3aca8acb-3730-f27b-c2b7-22e1201e0a3a_1280x720.jpg,https://www.nba.com/stats/events?GameEventID=62&GameID=0022500144&Season=2025-2026&flag=1&title=Curry+26%27+3PT+Pullup+Jump+Shot+%283+PTS%29+%28Green+1+AST%29
0022500144,603,2025-11-01,2025-11-01/GSWIND,4,IND,GSW,Curry 27' 3PT Jump Shot (21 PTS) (Santos 1 AST),93,93,101,104,3,8,11,https://videos.nba.com/nba/pbp/media/2025/11/01/0022500144/603/cbb58cae-9405-0493-580b-c3e136a50e80_1280x720.mp4,https://videos.nba.com/nba/pbp/media/2025/11/01/0022500144/603/cbb58cae-9405-0493-580b-c3e136a50e80_1280x720.jpg,https://www.nba.com/stats/events?GameEventID=603&GameID=0022500144&Season=2025-2026&flag=1&title=Curry+27%27+3PT+Jump+Shot+%2821+PTS%29+%28Santos+1+AST%29
0022500139,239,2025-10-30,2025-10-30/GSWMIL,2,MIL,GSW,Curry 26' 3PT Step Back Jump Shot (6 PTS),49,49,37,40,3,12,9,https://videos.nba.com/nba/pbp/media/2025/10/30/0022500139/239/ec4ea268-97d7-cea8-6f1f-c7c363e6f761_1280x720.mp4,https://videos.nba.com/nba/pbp/media/2025/10/30/0022500139/239/ec4ea268-97d7-cea8-6f1f-c7c363e6f761_1280x720.jpg,https://www.nba.com/stats/events?GameEventID=239&GameID=0022500139&Season=2025-2026&flag=1&title=Curry+26%27+3PT+Step+Back+Jump+Shot+%286+PTS%29
0022500139,319,2025-10-30,2025-10-30/GSWMIL,2,MIL,GSW,Curry 27' 3PT Jump Shot (11 PTS) (Kuminga 2 AST),54,54,51,54,3,3,0,https://videos.nba.com/nba/pbp/media/2025/10/30/0022500139/319/db3746f2-dfd9-34d7-0622-cd2bbbc28e0a_1280x720.mp4,https://videos.nba.com/nba/pbp/media/2025/10/30/0022500139/319/db3746f2-dfd9-34d7-0622-cd2bbbc28e0a_1280x720.jpg,https://www.nba.com/stats/events?GameEventID=319&GameID=0022500139&Season=2025-2026&flag=1&title=Curry+27%27+3PT+Jump+Shot+%2811+PTS%29+%28Kuminga+2+AST%29
0022500139,407,2025-10-30,2025-10-30/GSWMIL,3,MIL,GSW,Curry 26' 3PT Jump Shot (18 PTS) (Butler III 3 AST),72,72,70,73,3,2,1,https://videos.nba.com/nba/pbp/media/2025/10/30/0022500139/407/0f80eac5-c0c7-3266-b95c-defbd53fcec2_1280x720.mp4,https://videos.nba.com/nba/pbp/media/2025/10/30/0022500139/407/0f80eac5-c0c7-3266-b95c-defbd53fcec2_1280x720.jpg,https://www.nba.com/stats/events?GameEventID=407&GameID=0022500139&Season=2025-2026&flag=1&title=Curry+26%27+3PT+Jump+Shot+%2818+PTS%29+%28Butler+III+3+AST%29
0022500139,646,2025-10-30,2025-10-30/GSWMIL,4,MIL,GSW,Curry 26' 3PT Jump Shot (27 PTS) (Horford 2 AST),106,106,101,104,3,5,2,https://videos.nba.com/nba/pbp/media/2025/10/30/0022500139/646/4b700a4d-f87b-a728-56ab-b39ec118ce6c_1280x720.mp4,https://videos.nba.com/nba/pbp/media/2025/10/30/0022500139/646/4b700a4d-f87b-a728-56ab-b39ec118ce6c_1280x720.jpg,https://www.nba.com/stats/events?GameEventID=646&GameID=0022500139&Season=2025-2026&flag=1&title=Curry+26%27+3PT+Jump+Shot+%2827+PTS%29+%28Horford+2+AST%29
0022500127,39,2025-10-28,2025-10-28/LACGSW,1,GSW,LAC,Curry 28' 3PT Pullup Jump Shot (3 PTS),7,10,7,7,3,0,3,https://videos.nba.com/nba/pbp/media/2025/10/28/0022500127/39/0250be6c-cc39-b221-6389-c05cd16e92df_1280x720.mp4,https://videos.nba.com/nba/pbp/media/2025/10/28/0022500127/39/0250be6c-cc39-b221-6389-c05cd16e92df_1280x720.jpg,https://www.nba.com/stats/events?GameEventID=39&GameID=0022500127&Season=2025-2026&flag=1&title=Curry+28%27+3PT+Pullup+Jump+Shot+%283+PTS%29
0022500127,541,2025-10-28,2025-10-28/LACGSW,4,GSW,LAC,Curry 28' 3PT Step Back Jump Shot (19 PTS),90,93,70,70,3,20,23,https://videos.nba.com/nba/pbp/media/2025/10/28/0022500127/541/a65a374b-3500-8140-c0d6-085bf27b6422_1280x720.mp4,https://videos.nba.com/nba/pbp/media/2025/10/28/0022500127/541/a65a374b-3500-8140-c0d6-085bf27b6422_1280x720.jpg,https://www.nba.com/stats/events?GameEventID=541&GameID=0022500127&Season=2025-2026&flag=1&title=Curry+28%27+3PT+Step+Back+Jump+Shot+%2819+PTS%29
0022500121,64,2025-10-27,2025-10-27/MEMGSW,1,GSW,MEM,Curry 27' 3PT Running Pull-Up Jump Shot (8 PTS) (Podziemski 2 AST),19,22,13,13,3,6,9,https://videos.nba.com/nba/pbp/media/2025/10/27/0022500121/64/e9d75536-5bab-2213-d9a6-d7df028ea0b6_1280x720.mp4,https://videos.nba.com/nba/pbp/media/2025/10/27/0022500121/64/e9d75536-5bab-2213-d9a6-d7df028ea0b6_1280x720.jpg,https://www.nba.com/stats/events?GameEventID=64&GameID=0022500121&Season=2025-2026&flag=1&title=Curry+27%27+3PT+Running+Pull-Up+Jump+Shot+%288+PTS%29+%28Podziemski+2+AST%29
0022500121,56,2025-10-27,2025-10-27/MEMGSW,1,GSW,MEM,Curry 29' 3PT Jump Shot (5 PTS) (Green 4 AST),14,17,11,11,3,3,6,https://videos.nba.com/nba/pbp/media/2025/10/27/0022500121/56/f0f4178a-96ab-f95b-991b-50db65e79577_1280x720.mp4,https://videos.nba.com/nba/pbp/media/2025/10/27/0022500121/56/f0f4178a-96ab-f95b-991b-50db65e79577_1280x720.jpg,https://www.nba.com/stats/events?GameEventID=56&GameID=0022500121&Season=2025-2026&flag=1&title=Curry+29%27+3PT+Jump+Shot+%285+PTS%29+%28Green+4+AST%29
0022500121,513,2025-10-27,2025-10-27/MEMGSW,3,GSW,MEM,Curry 26' 3PT Step Back Jump Shot (16 PTS),88,91,78,78,3,10,13,https://videos.nba.com/nba/pbp/media/2025/10/27/0022500121/513/3d6d3a2c-05c4-7cd9-192d-9efba9fd5c39_1280x720.mp4,https://videos.nba.com/nba/pbp/media/2025/10/27/0022500121/513/3d6d3a2c-05c4-7cd9-192d-9efba9fd5c39_1280x720.jpg,https://www.nba.com/stats/events?GameEventID=513&GameID=0022500121&Season=2025-2026&flag=1&title=Curry+26%27+3PT+Step+Back+Jump+Shot+%2816+PTS%29
0022500121,276,2025-10-27,2025-10-27/MEMGSW,2,GSW,MEM,Curry 26' 3PT Jump Shot (11 PTS) (Kuminga 2 AST),45,48,49,49,3,4,1,https://videos.nba.com/nba/pbp/media/2025/10/27/0022500121/276/36ed5d8b-233d-d13e-55b9-b5da005f7833_1280x720.mp4,https://videos.nba.com/nba/pbp/media/2025/10/27/0022500121/276/36ed5d8b-233d-d13e-55b9-b5da005f7833_1280x720.jpg,https://www.nba.com/stats/events?GameEventID=276&GameID=0022500121&Season=2025-2026&flag=1&title=Curry+26%27+3PT+Jump+Shot+%2811+PTS%29+%28Kuminga+2+AST%29
0022500097,314,2025-10-24,2025-10-24/GSWPOR,2,POR,GSW,Curry 26' 3PT Jump Shot (22 PTS) (Butler III 1 AST),51,51,48,51,3,3,0,https://videos.nba.com/nba/pbp/media/2025/10/24/0022500097/314/84f0ba70-a34c-1b47-4493-96ba5223bdd7_1280x720.mp4,https://videos.nba.com/nba/pbp/media/2025/10/24/0022500097/314/84f0ba70-a34c-1b47-4493-96ba5223bdd7_1280x720.jpg,https://www.nba.com/stats/events?GameEventID=314&GameID=0022500097&Season=2025-2026&flag=1&title=Curry+26%27+3PT+Jump+Shot+%2822+PTS%29+%28Butler+III+1+AST%29
0022500097,27,2025-10-24,2025-10-24/GSWPOR,1,POR,GSW,Curry 26' 3PT Pullup Jump Shot (5 PTS) (Green 2 AST),4,4,5,8,3,1,4,https://videos.nba.com/nba/pbp/media/2025/10/24/0022500097/27/5c3acf55-7671-8075-d4f3-b4823acf60df_1280x720.mp4,https://videos.nba.com/nba/pbp/media/2025/10/24/0022500097/27/5c3acf55-7671-8075-d4f3-b4823acf60df_1280x720.jpg,https://www.nba.com/stats/events?GameEventID=27&GameID=0022500097&Season=2025-2026&flag=1&title=Curry+26%27+3PT+Pullup+Jump+Shot+%285+PTS%29+%28Green+2+AST%29
0022500097,447,2025-10-24,2025-10-24/GSWPOR,3,POR,GSW,Curry 25' 3PT Jump Shot (30 PTS) (Kuminga 3 AST),81,81,68,71,3,13,10,https://videos.nba.com/nba/pbp/media/2025/10/24/0022500097/447/d70b28d3-8b9f-90e4-5278-cb9d2bb54460_1280x720.mp4,https://videos.nba.com/nba/pbp/media/2025/10/24/0022500097/447/d70b28d3-8b9f-90e4-5278-cb9d2bb54460_1280x720.jpg,https://www.nba.com/stats/events?GameEventID=447&GameID=0022500097&Season=2025-2026&flag=1&title=Curry+25%27+3PT+Jump+Shot+%2830+PTS%29+%28Kuminga+3+AST%29
0022500097,391,2025-10-24,2025-10-24/GSWPOR,3,POR,GSW,Curry 26' 3PT Running Jump Shot (27 PTS) (Butler III 2 AST),69,69,58,61,3,11,8,https://videos.nba.com/nba/pbp/media/2025/10/24/0022500097/391/e103da76-d3a8-a443-0649-042c9be6b455_1280x720.mp4,https://videos.nba.com/nba/pbp/media/2025/10/24/0022500097/391/e103da76-d3a8-a443-0649-042c9be6b455_1280x720.jpg,https://www.nba.com/stats/events?GameEventID=391&GameID=0022500097&Season=2025-2026&flag=1&title=Curry+26%27+3PT+Running+Jump+Shot+%2827+PTS%29+%28Butler+III+2+AST%29
0022500097,112,2025-10-24,2025-10-24/GSWPOR,1,POR,GSW,Curry 24' 3PT Running Jump Shot (14 PTS) (Hield 1 AST),17,17,20,23,3,3,6,https://videos.nba.com/nba/pbp/media/2025/10/24/0022500097/112/d076f9c2-8600-af01-db19-5fa0cf254633_1280x720.mp4,https://videos.nba.com/nba/pbp/media/2025/10/24/0022500097/112/d076f9c2-8600-af01-db19-5fa0cf254633_1280x720.jpg,https://www.nba.com/stats/events?GameEventID=112&GameID=0022500097&Season=2025-2026&flag=1&title=Curry+24%27+3PT+Running+Jump+Shot+%2814+PTS%29+%28Hield+1+AST%29
0022500097,109,2025-10-24,2025-10-24/GSWPOR,1,POR,GSW,Curry 29' 3PT Pullup Jump Shot (11 PTS),17,17,17,20,3,0,3,https://videos.nba.com/nba/pbp/media/2025/10/24/0022500097/109/d4231b0d-bb46-299b-0a29-b68438b21ed8_1280x720.mp4,https://videos.nba.com/nba/pbp/media/2025/10/24/0022500097/109/d4231b0d-bb46-299b-0a29-b68438b21ed8_1280x720.jpg,https://www.nba.com/stats/events?GameEventID=109&GameID=0022500097&Season=2025-2026&flag=1&title=Curry+29%27+3PT+Pullup+Jump+Shot+%2811+PTS%29
0022500097,98,2025-10-24,2025-10-24/GSWPOR,1,POR,GSW,Curry 26' 3PT Jump Shot (8 PTS) (Jackson-Davis 1 AST),13,13,14,17,3,1,4,https://videos.nba.com/nba/pbp/media/2025/10/24/0022500097/98/c583727f-c36a-fc64-31e9-dcf83474c342_1280x720.mp4,https://videos.nba.com/nba/pbp/media/2025/10/24/0022500097/98/c583727f-c36a-fc64-31e9-dcf83474c342_1280x720.jpg,https://www.nba.com/stats/events?GameEventID=98&GameID=0022500097&Season=2025-2026&flag=1&title=Curry+26%27+3PT+Jump+Shot+%288+PTS%29+%28Jackson-Davis+1+AST%29
0022500006,7,2025-10-23,2025-10-23/DENGSW,1,GSW,DEN,Curry 26' 3PT Jump Shot (3 PTS) (Green 1 AST),0,3,0,0,3,0,3,https://videos.nba.com/nba/pbp/media/2025/10/23/0022500006/7/03376678-c503-6806-ad8a-1869ce3fb44d_1280x720.mp4,https://videos.nba.com/nba/pbp/media/2025/10/23/0022500006/7/03376678-c503-6806-ad8a-1869ce3fb44d_1280x720.jpg,https://www.nba.com/stats/events?GameEventID=7&GameID=0022500006&Season=2025-2026&flag=1&title=Curry+26%27+3PT+Jump+Shot+%283+PTS%29+%28Green+1+AST%29
0022500006,351,2025-10-23,2025-10-23/DENGSW,3,GSW,DEN,Curry 29' 3PT Jump Shot (10 PTS) (Kuminga 2 AST),62,65,72,72,3,10,7,https://videos.nba.com/nba/pbp/media/2025/10/23/0022500006/351/6f8ab4b6-0c6f-5ab7-ed3f-2ba78e211ca9_1280x720.mp4,https://videos.nba.com/nba/pbp/media/2025/10/23/0022500006/351/6f8ab4b6-0c6f-5ab7-ed3f-2ba78e211ca9_1280x720.jpg,https://www.nba.com/stats/events?GameEventID=351&GameID=0022500006&Season=2025-2026&flag=1&title=Curry+29%27+3PT+Jump+Shot+%2810+PTS%29+%28Kuminga+2+AST%29
0022500006,361,2025-10-23,2025-10-23/DENGSW,3,GSW,DEN,Curry 26' 3PT Jump Shot (13 PTS) (Green 3 AST),65,68,74,74,3,9,6,https://videos.nba.com/nba/pbp/media/2025/10/23/0022500006/361/912d4893-b000-acf5-c108-79ec9b305771_1280x720.mp4,https://videos.nba.com/nba/pbp/media/2025/10/23/0022500006/361/912d4893-b000-acf5-c108-79ec9b305771_1280x720.jpg,https://www.nba.com/stats/events?GameEventID=361&GameID=0022500006&Season=2025-2026&flag=1&title=Curry+26%27+3PT+Jump+Shot+%2813+PTS%29+%28Green+3+AST%29
0022500006,642,2025-10-23,2025-10-23/DENGSW,4,GSW,DEN,Curry 26' 3PT Pullup Jump Shot (32 PTS),114,117,117,117,3,3,0,https://videos.nba.com/nba/pbp/media/2025/10/23/0022500006/642/74e09666-1e11-639b-d0f5-deec4a7718a6_1280x720.mp4,https://videos.nba.com/nba/pbp/media/2025/10/23/0022500006/642/74e09666-1e11-639b-d0f5-deec4a7718a6_1280x720.jpg,https://www.nba.com/stats/events?GameEventID=642&GameID=0022500006&Season=2025-2026&flag=1&title=Curry+26%27+3PT+Pullup+Jump+Shot+%2832+PTS%29
0022500006,681,2025-10-23,2025-10-23/DENGSW,5,GSW,DEN,Curry 28' 3PT Jump Shot (38 PTS) (Butler III 4 AST),120,123,120,120,3,0,3,https://videos.nba.com/nba/pbp/media/2025/10/23/0022500006/681/d3901ebd-280c-6875-0bb4-21be96cd329f_1280x720.mp4,https://videos.nba.com/nba/pbp/media/2025/10/23/0022500006/681/d3901ebd-280c-6875-0bb4-21be96cd329f_1280x720.jpg,https://www.nba.com/stats/events?GameEventID=681&GameID=0022500006&Season=2025-2026&flag=1&title=Curry+28%27+3PT+Jump+Shot+%2838+PTS%29+%28Butler+III+4+AST%29
0022500006,654,2025-10-23,2025-10-23/DENGSW,4,GSW,DEN,Curry 34' 3PT Pullup Jump Shot (35 PTS) (Green 8 AST),117,120,120,120,3,3,0,https://videos.nba.com/nba/pbp/media/2025/10/23/0022500006/654/c856531e-31cb-fa91-2a8a-a73c49ae4d3c_1280x720.mp4,https://videos.nba.com/nba/pbp/media/2025/10/23/0022500006/654/c856531e-31cb-fa91-2a8a-a73c49ae4d3c_1280x720.jpg,https://www.nba.com/stats/events?GameEventID=654&GameID=0022500006&Season=2025-2026&flag=1&title=Curry+34%27+3PT+Pullup+Jump+Shot+%2835+PTS%29+%28Green+8+AST%29
0022500002,301,2025-10-21,2025-10-21/GSWLAL,2,LAL,GSW,Curry 28' 3PT Running Jump Shot (10 PTS) (Kuminga 3 AST),35,35,42,45,3,7,10,https://videos.nba.com/nba/pbp/media/2025/10/21/0022500002/301/533bc88d-07fa-bd4d-e85d-44bda5bf4808_1280x720.mp4,https://videos.nba.com/nba/pbp/media/2025/10/21/0022500002/301/533bc88d-07fa-bd4d-e85d-44bda5bf4808_1280x720.jpg,https://www.nba.com/stats/events?GameEventID=301&GameID=0022500002&Season=2025-2026&flag=1&title=Curry+28%27+3PT+Running+Jump+Shot+%2810+PTS%29+%28Kuminga+3+AST%29
0022500002,675,2025-10-21,2025-10-21/GSWLAL,4,LAL,GSW,Curry 36' 3PT Jump Shot (21 PTS) (Payton II 1 AST),107,107,114,117,3,7,10,https://videos.nba.com/nba/pbp/media/2025/10/21/0022500002/675/420ebe88-df0b-070a-3689-de72fc77571d_1280x720.mp4,https://videos.nba.com/nba/pbp/media/2025/10/21/0022500002/675/420ebe88-df0b-070a-3689-de72fc77571d_1280x720.jpg,https://www.nba.com/stats/events?GameEventID=675&GameID=0022500002&Season=2025-2026&flag=1&title=Curry+36%27+3PT+Jump+Shot+%2821+PTS%29+%28Payton+II+1+AST%29
0022500002,44,2025-10-21,2025-10-21/GSWLAL,1,LAL,GSW,Curry 27' 3PT Jump Shot (3 PTS) (Green 1 AST),9,9,9,12,3,0,3,https://videos.nba.com/nba/pbp/media/2025/10/21/0022500002/44/92b9711c-3782-0f89-0c95-481e831bf418_1280x720.mp4,https://videos.nba.com/nba/pbp/media/2025/10/21/0022500002/44/92b9711c-3782-0f89-0c95-481e831bf418_1280x720.jpg,https://www.nba.com/stats/events?GameEventID=44&GameID=0022500002&Season=2025-2026&flag=1&title=Curry+27%27+3PT+Jump+Shot+%283+PTS%29+%28Green+1+AST%29
